Delta,Theta,Alpha,Beta,Gamma,Label
,,0.15788666059685771,0.05810930138509535,0.004777313456478416,2.0
,,0.09255462938564897,0.027107031251654132,0.008771606415991442,2.0
,,0.032173352470375005,0.02363745597405955,0.005911771717752076,2.0
,,0.14984420756856898,0.06582371843176042,0.019745760620216067,1.0
,,0.08768103614987993,0.06181562306513061,0.02047598657098484,2.0
,,0.05070910799494935,0.03955991380105373,0.005628361077194777,2.0
,,0.0901402115395474,0.05445809331847288,0.006115635161199693,2.0
,,0.10297171565817063,0.07988027552901705,0.01959361186647236,0.0
,,0.06792727752345668,0.03339644862074108,0.010596460947391568,2.0
,,0.04694614105160884,0.034354865222219665,0.005529057080212396,2.0
,,0.10985874532526027,0.12055145687771153,0.030372796946097645,1.0
,,0.13533403653114026,0.0864049375640616,0.018336555727615392,1.0
,,0.04116090486123299,0.058069010809592515,0.006627892477993282,2.0
,,0.05342235237593926,0.03618967382778041,0.00822791153374373,2.0
,,0.12161404024102244,0.07647765040853151,0.012599441246662594,0.0
,,0.09351366956071053,0.06503840499739959,0.012321318156663867,1.0
,,0.06424696676772815,0.07168528019057963,0.017998382600795143,0.0
,,0.02354940787750936,0.01844617843614071,0.011395337204514307,1.0
,,0.12025684470522154,0.11650150983570091,0.01865731136674305,0.0
,,0.1158224066957348,0.06957686757326265,0.015486444823672268,1.0
,,0.024036475192466936,0.02452614040041859,0.008787159588752409,2.0
,,0.08835709495353986,0.08581311324064354,0.021834656333178347,1.0
,,0.057817626654350945,0.07500285176825737,0.018207801131090415,0.0
,,0.07738990440820318,0.06273397647546722,0.007464951754767075,2.0
,,0.11886804028718202,0.1017193547029879,0.01539212549196193,1.0
,,0.060623075395070614,0.03821678905657319,0.006682209972478514,2.0
,,0.09675882772511475,0.1133116035586339,0.02247767174742873,0.0
,,0.09013669442740188,0.06309158903010201,0.017260837107481185,0.0
,,0.17328538748752909,0.18991170682977923,0.01214530920516218,1.0
,,0.12139409985268408,0.03297013830351204,0.006507607449492093,2.0
,,0.13472381175476636,0.14593078993999675,0.013846767376585656,1.0
,,0.13283977341931047,0.12444399480071106,0.009848444215846797,1.0
,,0.13333145591539275,0.11227778514416367,0.020368252674080486,0.0
,,0.07086121775826992,0.08756616604780051,0.022966754075258,0.0
,,0.1073043767218482,0.08934816266076126,0.014646524679071328,1.0
,,0.04423316129454595,0.036079289561030084,0.005454155774327299,2.0
,,0.05953551980857379,0.0637719725263418,0.009427393551454732,2.0
,,0.08701894851926086,0.05540395102958279,0.022781787398286162,0.0
,,0.09443412700946734,0.06919525236289442,0.01565120844188231,0.0
,,0.10536487976623662,0.08040042982904314,0.008000447850818444,2.0
,,0.15610592971428466,0.11880127837880383,0.020338975719134247,0.0
,,0.10128866360756324,0.06398983933957653,0.009563635608885457,2.0
,,0.06713128691091362,0.05602323742206216,0.019945626572660937,0.0
,,0.08685421927913901,0.10342911901357672,0.020122246887538407,1.0
,,0.13776441246999438,0.10409456847914414,0.023318021033288002,0.0
,,0.14477865427544379,0.09409218158753697,0.010218324317277455,2.0
,,0.18666600578423134,0.0636044506369877,0.026513829258377707,0.0
,,0.09059886507885638,0.08482738785647666,0.023016472018307144,0.0
,,0.08411508183853222,0.1080940638520033,0.02018900613799344,0.0
,,0.15686486895470483,0.05171928648793524,0.008613046661163535,1.0
,,0.16937391292631893,0.18448764295752393,0.0175058692396963,2.0
,,0.11183287467780009,0.07849141777010496,0.01756282780784318,0.0
,,0.14150393878311499,0.09338554392975883,0.020681357289454746,0.0
,,0.11687840658108747,0.07423998315517696,0.023148630769977703,1.0
,,0.12720295077341265,0.019596834391785705,0.005574036143010756,2.0
,,0.11377717465646901,0.05812394974476854,0.01695506683826437,0.0
,,0.08321596267556651,0.04092239031720918,0.01416400927185987,2.0
,,0.19816435368553942,0.10014199868826396,0.021358461781923264,1.0
,,0.139332840349117,0.067979730529433,0.02071086201364948,0.0
,,0.09411746172887794,0.08464982400379731,0.008761466691773854,1.0
,,0.0663244443883997,0.10634549190475273,0.01881201881685715,1.0
,,0.10527266306500427,0.059077958395745186,0.023996054850233216,0.0
,,0.16933835139160353,0.17957299787514996,0.011131897012192143,1.0
,,0.09395514773002459,0.09628082407842051,0.015227094382437353,2.0
,,0.07798983746392625,0.02950637935421039,0.015433312364835802,2.0
,,0.14003049729464379,0.09589698028306856,0.023496787832554367,0.0
,,0.26189442209851277,0.18912483115486806,0.025056479758620343,1.0
,,0.06354903502858492,0.06293561050739431,0.009216057198012188,1.0
,,0.057584612272860866,0.08918145346628224,0.01834345556662007,0.0
,,0.06477719870954735,0.09470694472428338,0.01733514359591144,0.0
,,0.06294690820216486,0.03597579378785572,0.006970334904857128,2.0
,,0.13866375779814719,0.14676059054726917,0.01419107047354289,2.0
,,0.11852514181798451,0.06083420626679596,0.018060566461025787,0.0
,,0.1233978983147411,0.08201449276681126,0.031122639196108873,0.0
,,0.09309090629678085,0.046446182095720746,0.005620083529400199,2.0
,,0.15932651743680756,0.05663239839943135,0.009687652480345033,1.0
,,0.18696821767866312,0.18182204186261797,0.01089213633058742,1.0
,,0.08379817675399359,0.09425538464041133,0.02271341869136293,0.0
,,0.08689290912524283,0.07863135834826243,0.01502831856969834,0.0
,,0.19892590262473792,0.08658530127491042,0.017391531492715825,0.0
,,0.14550567601127531,0.06319271437394117,0.023661124179474965,0.0
,,0.13515602039430635,0.06738810082690759,0.010959719859517448,2.0
,,0.09651911771109095,0.0866245612726191,0.02103849739693704,0.0
,,0.12071695008323441,0.1062534359660755,0.010278050050398887,2.0
,,0.13593372220998673,0.07125696211708135,0.017326130108697706,1.0
,,0.10069621266998154,0.055227682166155465,0.018635738359234422,0.0
,,0.042940824215382034,0.034338605771994685,0.012726712712089538,1.0
,,0.100767281855042,0.09127328003420529,0.020367106223731283,0.0
,,0.08654237320648234,0.03482781076657892,0.009879547717057569,2.0
,,0.04008508039416055,0.03693749208902143,0.012248265164846442,2.0
,,0.24682551685975,0.2064405360710248,0.01321334873755331,1.0
,,0.16507028440639082,0.06804546487549516,0.018906035936979957,0.0
,,0.12679790133779115,0.11335390608373054,0.013486132757207678,1.0
,,0.061501432778583345,0.08190351484234629,0.02646370833493966,1.0
,,0.07889825057526906,0.05045313764425499,0.008820033026834661,2.0
,,0.2560435040018405,0.09045630350631963,0.007766830177984441,2.0
,,0.0731304010609745,0.07670515844793431,0.02385139670805722,0.0
,,0.08020252279410858,0.06428660200541976,0.01331816926363355,2.0
,,0.22246004714369372,0.17853261990624283,0.01223472169355472,1.0
,,0.1122201395453708,0.05933709042728621,0.016254388266983732,1.0
,,0.11326559082732418,0.07442623479177576,0.02350184535120878,0.0
,,0.3176898105493726,0.166144548784589,0.011152445320045608,0.0
,,0.11199895294985308,0.06047124299902895,0.019133864285628892,0.0
,,0.19155878256010028,0.08641691908558784,0.021329283781959904,1.0
,,0.05916259668657558,0.06354032062287382,0.01010202156232065,2.0
,,0.08170550990861682,0.08831794166747485,0.023778002796682372,0.0
,,0.04924914960774259,0.06050590971663598,0.02266277743115304,2.0
,,0.12470598022456748,0.06660536170521067,0.024070297271985397,0.0
,,0.09962646952267093,0.09964816148856734,0.017094149547871917,1.0
,,0.12387081605897628,0.04919280821983548,0.02545830022762127,0.0
,,0.024036475192466936,0.02452614040041859,0.008787159588752409,2.0
,,0.07071237386132305,0.043922770429675476,0.021788521906186232,0.0
,,0.06819403418219426,0.08519574176185529,0.02112141403571662,0.0
,,0.09105556698742479,0.12760114153902266,0.027161671266643483,1.0
,,0.17961627119157064,0.16278612263837755,0.014195472668785111,2.0
,,0.07958386445828503,0.11986821331739642,0.023511642279593854,1.0
,,0.07611074855089374,0.04576245257017066,0.011678443112916798,1.0
,,0.07761385915946852,0.0658598910432837,0.018310205284086733,0.0
,,0.027023986150683195,0.03536952874620232,0.010037797484098198,2.0
,,0.174753362490023,0.060612896793719936,0.017623130691452858,0.0
,,0.17741750721313898,0.11459983561205327,0.021130195395348227,1.0
,,0.10412633091691506,0.05608693088864285,0.0195431544069238,2.0
,,0.051223410135608244,0.0635324738761206,0.010061359982619688,2.0
,,0.13109982633422596,0.10470967317743228,0.013222132213468612,0.0
,,0.09722815780530457,0.1042989166742498,0.021197307912190853,0.0
,,0.042759146077568366,0.09424243480577962,0.019438507738921963,0.0
,,0.023191636840539476,0.03813161071049128,0.010453088346964444,2.0
,,0.12352941971286067,0.07665496505539643,0.01897392872474115,1.0
,,0.10197423831124752,0.053293668079565294,0.00812375857853516,2.0
,,0.06417346762990572,0.07794763841423989,0.019934102140167696,0.0
,,0.05483740236064412,0.023223466058598374,0.00785689916648159,2.0
,,0.08847292077219329,0.048244579067045185,0.013630523540924176,0.0
,,0.10389810569301472,0.07587139850493324,0.018998157826561172,0.0
,,0.08312155809137094,0.033608530979353124,0.0066685194807801235,2.0
,,0.07260296139763348,0.0586115278489064,0.00825920521584352,2.0
,,0.08717312741616812,0.08828548593831254,0.01880700218104329,1.0
,,0.0413954599344379,0.015250491861141312,0.008678175541667133,2.0
,,0.0721036327438365,0.08294262465726679,0.010174253768093697,1.0
,,0.09476962676206205,0.09786770980768834,0.005564894389661973,2.0
,,0.0890169406940532,0.057010164960239196,0.026783743719685022,2.0
,,0.09766467771818421,0.11268520696323014,0.015581775828283465,1.0
,,0.08961596861610607,0.053891334556633606,0.015245069952789235,2.0
,,0.14230880634012355,0.14758567865065744,0.028776066904952654,1.0
,,0.20558414930428703,0.13707712824991258,0.03103880266884413,1.0
,,0.12711344765163674,0.09489145428841432,0.024211193463225363,1.0
,,0.09360551098822249,0.06122652863929322,0.022619458955277127,0.0
,,0.07439183465052684,0.07936839595809847,0.017389635873650566,0.0
,,0.07657279664787932,0.07984866405945135,0.01937201727127317,0.0
,,0.056557092547179985,0.02316401512486331,0.006388779181842983,2.0
,,0.0981017014001862,0.04573388954867458,0.008828677473688614,2.0
,,0.12108794338892173,0.07284167215269671,0.01252972837027687,2.0
,,0.15472350689036474,0.14308141625490814,0.0191158489334104,1.0
,,0.1398824807789643,0.12236084059784857,0.018916285079162078,1.0
,,0.14041386691583158,0.09966628107868912,0.017386739715868602,0.0
,,0.21680492722814415,0.16279317873736687,0.015860738057998695,1.0
,,0.14556660066755645,0.07909775951887076,0.00827877328032747,2.0
,,0.13205520570979354,0.06344894712936065,0.007125209558689923,2.0
,,0.09856695231274479,0.10129992512050123,0.02273446572606945,0.0
,,0.106778108794308,0.14824794281064488,0.01212395839213605,2.0
,,0.25249158900887,0.10080010021227898,0.023598660259435956,1.0
,,0.07133188072340811,0.05781383041424307,0.007219736261454928,2.0
,,0.1607805553896709,0.06797073882314757,0.00843684500231738,2.0
,,0.14039195962854784,0.11175037209811685,0.018265752051586665,1.0
,,0.07325946846502616,0.026738967692724158,0.007943962756312655,2.0
,,0.11734988775508962,0.0871803984500308,0.019900798903156658,0.0
,,0.1022743026106953,0.10286595965544591,0.02229723277185409,0.0
,,0.035193689131925256,0.03102579655451418,0.008693067004992379,2.0
,,0.17364964467128036,0.16643626974504683,0.014057730699404648,1.0
,,0.13920363830136614,0.059132720508958576,0.014760555428365749,0.0
,,0.03187202397131782,0.06252075578132321,0.010818254515818691,1.0
,,0.0694133366613495,0.06301803804110949,0.02149036174127619,0.0
,,0.1870155542027592,0.15831489287137782,0.0065466210021720905,0.0
,,0.044251016515437926,0.02894596757553679,0.010454321515846098,2.0
,,0.1484916801737898,0.061302752463058156,0.007572843843460102,1.0
,,0.10089796932348671,0.10235031758311197,0.013560996688068023,0.0
,,0.15860359518203215,0.06804776742407141,0.021976713810651884,0.0
,,0.1371333001820224,0.08391190001378271,0.025974513105951443,1.0
,,0.06562948277875483,0.0375078953493994,0.012755437895857969,1.0
,,0.10055006945239872,0.054666493109431946,0.011604706271010725,2.0
,,0.12143470327004914,0.06382765853959382,0.017927892815511794,1.0
,,0.06061696830236278,0.028712962793075423,0.006644638429928641,2.0
,,0.12172109310553987,0.09331258705225995,0.018709770122955584,0.0
,,0.0959572227572055,0.12656363030524106,0.021115258956704977,0.0
,,0.057047525864044456,0.0908286000278498,0.01928723241071423,0.0
,,0.12403556636711904,0.12236060421637132,0.022101394461391165,0.0
,,0.06724630810975549,0.027811796298461606,0.006443246215599875,2.0
,,0.1463061657929789,0.0959058000783535,0.018711258891941782,0.0
,,0.07972547582215507,0.01730880219130695,0.011388495005572735,2.0
,,0.07244244756893234,0.08546939478756993,0.023251515364180513,1.0
,,0.12374049691591621,0.08007089150973379,0.009317728078890182,0.0
,,0.12699082260364725,0.1116116699586641,0.01878999193585221,0.0
,,0.13975785296624751,0.02485408667382635,0.008474348915043246,2.0
,,0.0838334250515274,0.07269562994539339,0.019529722525653177,0.0
,,0.183442459178395,0.08427294053162605,0.0177610319497888,1.0
,,0.08625252073892371,0.1141392807569411,0.020852252702288163,0.0
,,0.11392198006141034,0.062159310980513104,0.006591592579305015,2.0
,,0.07995185839106504,0.07653226612743544,0.01583637297632583,1.0
,,0.1301745020976766,0.06540915269595356,0.02290842959993184,0.0
,,0.05706851747709975,0.04370380655645845,0.011214052674901795,2.0
,,0.03569731055856167,0.029139664729414448,0.009400178197662562,2.0
,,0.12401208883158084,0.06396193461636639,0.014020523589046725,1.0
,,0.07431544776549129,0.061404168839531974,0.014567452250707527,2.0
,,0.04602105336493788,0.06800686564692156,0.00951150869122006,2.0
,,0.04035210185562972,0.0318342920390092,0.007895987398811607,2.0
,,0.11880589439604727,0.12073268838307126,0.023906926458223565,0.0
,,0.10084345079825582,0.10034953510531217,0.016237271273480652,1.0
,,0.14441615826441345,0.09789446960389876,0.02351573419836849,0.0
,,0.1806460137448704,0.12369028480530814,0.024188025638302482,1.0
,,0.16029307160507195,0.10147860784631114,0.019103824515531796,1.0
,,0.206218472595783,0.0751598461193112,0.003895377981157802,1.0
,,0.1422523267610458,0.11492929688850562,0.017775497478359756,0.0
,,0.08626774387346466,0.06750808929325698,0.01794951846833952,0.0
,,0.03585752902321594,0.021259854481614104,0.006528781540870438,2.0
,,0.0729940646538346,0.08636460145096775,0.022973607087227402,0.0
,,0.12355226718782843,0.09163925202658424,0.01927906229989685,0.0
,,0.1753661242664397,0.08416825286195052,0.016789417388284704,0.0
,,0.14558828740646987,0.11237810616388155,0.022462451446757452,0.0
,,0.0879035824965461,0.06424428001706915,0.016912577509914994,2.0
,,0.05390164276737659,0.10660323118457352,0.02324605871129862,0.0
,,0.19228546516378267,0.14543421507273577,0.026194876263729162,1.0
,,0.05286185682992526,0.04965863667025958,0.006078881621400964,2.0
,,0.08728842285909713,0.054079174072651746,0.013136069323685152,0.0
,,0.08765243648362073,0.09976469100415446,0.022271947430210142,1.0
,,0.13290173851634113,0.1748007986006237,0.012504023247594668,2.0
,,0.07987929273634196,0.068680422805876,0.01967136633073934,1.0
,,0.0753083492163413,0.044208536424687556,0.01138594422808474,2.0
,,0.09993847401081914,0.06145062666486479,0.00943486901289145,2.0
,,0.07038573010044777,0.09819893324480831,0.017618344416640425,0.0
,,0.12375683381494927,0.1063096207898172,0.01954206621530208,1.0
,,0.11161839656436985,0.06714801750613976,0.014481103376686752,0.0
,,0.05397428212530093,0.047131720817192184,0.008186564606279296,1.0
,,0.032354490397808244,0.026027058645016633,0.010757575946184221,2.0
,,0.05172171608504865,0.07033467344054162,0.012158087660984652,1.0
,,0.09361086292197052,0.11151781114061511,0.017647945132503593,1.0
,,0.022146592653816886,0.016929170611922145,0.007404795356410198,2.0
,,0.07867033418868175,0.06679807476162575,0.020371262797069453,0.0
,,0.059325147142766196,0.039415298818708026,0.013112955225744996,2.0
,,0.04938367902704782,0.03598465627551657,0.007730095976401015,2.0
,,0.12528042431555025,0.09580380540966438,0.023121781263505337,0.0
,,0.09153921172987226,0.06738116570528445,0.022005284244378594,0.0
,,0.04274855857379212,0.06348884026333233,0.010601231884662056,1.0
,,0.1813032457408897,0.07020762750805214,0.015057226130624839,1.0
,,0.22368456935085196,0.10276149151500939,0.02234195145215465,0.0
,,0.07509197640676965,0.07418047767567666,0.009115203538748616,2.0
,,0.15930870572540887,0.05098169037456575,0.011624211487138282,1.0
,,0.1665657186685861,0.07922786088701385,0.0038548799157036894,2.0
,,0.12292750628954668,0.14075345745970083,0.024826953640987068,1.0
,,0.14962292666297256,0.0454427053060487,0.0052408921592618125,2.0
,,0.1273998808555481,0.06966959518704054,0.02032351675339689,1.0
,,0.05877000572295828,0.05294031180116083,0.0064235228693417055,2.0
,,0.17365185118250842,0.09993276778747502,0.02249228196179217,1.0
,,0.07634974765408238,0.07818348124810022,0.021350609700488504,0.0
,,0.18564518408316596,0.059762613850179835,0.006675546048035418,1.0
,,0.1091838051515033,0.11439971621957304,0.02677851088718081,1.0
,,0.09101532876857994,0.05604583786122219,0.007938485301687496,2.0
,,0.06814513791742896,0.07454652494307723,0.006375243764888985,2.0
,,0.12919536279222835,0.1353681838444173,0.01463158432015716,0.0
,,0.07073174475829105,0.03691056057617857,0.005629949990801644,2.0
,,0.13406150064512162,0.09973435675875775,0.02415231785002619,0.0
,,0.05512585124177785,0.0616750628803165,0.01321138456157447,2.0
,,0.0647632185013292,0.13338736915706703,0.021799114175741877,1.0
,,0.13753113631727354,0.08519762487548857,0.03020282422629713,1.0
,,0.20390978156487888,0.17811596975424784,0.01153011381347058,1.0
,,0.045683361152833474,0.046946192307888886,0.012122001143788915,2.0
,,0.14289007325828337,0.16712187560604608,0.016896490284016914,2.0
,,0.15255585211580755,0.10228914651604736,0.009611501316946311,1.0
,,0.054238917334122644,0.04419085038384707,0.015023270979191384,2.0
,,0.18832445811417925,0.1476060011733127,0.012734334438259722,1.0
,,0.14311843208377006,0.1833995928506796,0.011035299317091922,1.0
,,0.04584674170530444,0.036003663303788826,0.014135799626378452,2.0
,,0.13649142861982733,0.15582605676835698,0.012504963920886873,1.0
,,0.11227716969640376,0.07728622590460225,0.015726512411854868,1.0
,,0.06763466012418679,0.07232248171919567,0.02000506164124457,0.0
,,0.09999170302023788,0.07430244829204626,0.017930844384360843,0.0
,,0.2557660411587501,0.1332801829057575,0.018908433419655944,1.0
,,0.09648286214656682,0.09794994217235752,0.013362519187351138,2.0
,,0.08495265575394811,0.06566885493352316,0.017090789815900974,0.0
,,0.1829039822613929,0.09301876827324085,0.014901498240724693,0.0
,,0.2672880207131918,0.13718936148429453,0.01661667611604284,1.0
,,0.017302551865181315,0.02035615449861119,0.010107128575950738,1.0
,,0.044251016515437926,0.02894596757553679,0.010454321515846098,2.0
,,0.07133362404328601,0.0856949517731664,0.02782617196848372,0.0
,,0.07694435055140365,0.02625767304140345,0.006192599857264137,2.0
,,0.15012212758467913,0.0932808963899467,0.024579315706491342,1.0
,,0.04124803244710766,0.031362738126206505,0.011515882884000374,2.0
,,0.16787159592862516,0.09893633042573904,0.00590124889063565,2.0
,,0.18706300083581373,0.10321538167261331,0.015099963207189714,1.0
,,0.3248986066711419,0.12147444193828039,0.02453706236654715,1.0
,,0.06804873525988768,0.0807348826161362,0.016037235579789595,0.0
,,0.04475416755817905,0.02198165645649099,0.005857335539411805,2.0
,,0.15687690026124657,0.07152016303910082,0.013721275887477813,0.0
,,0.12859248475638435,0.03570154784876678,0.009283190058195636,2.0
,,0.10711360113612846,0.1011228550493594,0.021299325593883874,0.0
,,0.19456149333685552,0.17582695115718172,0.011050110819092202,1.0
,,0.031543909850389094,0.04989424318085051,0.016577436115112722,2.0
,,0.18938932741551956,0.08604559079780183,0.02430151647669885,1.0
,,0.15532506322155842,0.1473940866134887,0.020959721756605154,1.0
,,0.14144037740501195,0.08375452398889749,0.00932379691125899,1.0
,,0.1194280147897183,0.04285440809726497,0.00671610741377502,2.0
,,0.10392729449087743,0.054552087727348306,0.01738196450490063,2.0
,,0.10565500224710295,0.09402636403893526,0.023804957940401675,1.0
,,0.09245138384587893,0.06372186544376941,0.01915656709412239,0.0
,,0.11795331971117097,0.13393487761197503,0.014307555698854963,0.0
,,0.0905783354933957,0.07195601921570018,0.018915002356307845,0.0
,,0.11822896778127295,0.12552126824953697,0.018616972269985738,1.0
,,0.10863597631303756,0.10840339069560222,0.025975646778027193,1.0
,,0.12537420691324105,0.10122917037715128,0.011694661031826797,1.0
,,0.08886314090964907,0.15193870150975555,0.026847462181116343,1.0
,,0.09959082695570405,0.05231555130523571,0.01661927695534306,2.0
,,0.18376105206406987,0.09860829961251326,0.007896535970805751,2.0
,,0.05792383893266874,0.0682229644482289,0.02280507815628358,0.0
,,0.04958490203220419,0.03848294761618832,0.008782147026192996,2.0
,,0.0544946521180027,0.09287450179545315,0.018239149645814773,1.0
,,0.08576720352312929,0.14012313018329461,0.024744393071139285,0.0
,,0.18504561965669605,0.123878614750386,0.02671505168992061,0.0
,,0.10451788936728668,0.11642622759188237,0.02452849950261499,1.0
,,0.06543946968982019,0.05784536314584874,0.019942222518047798,0.0
,,0.03952674151883325,0.021384797464164575,0.0059782166655089385,2.0
,,0.21220874562805495,0.1271606636883788,0.006945177075239266,1.0
,,0.13005409521670988,0.07477782468172076,0.02165914674058938,0.0
,,0.10363307222964978,0.06369988649836467,0.0164015305519795,2.0
,,0.16225720112350692,0.04076758541733708,0.007502181526431422,1.0
,,0.1742382541604045,0.17399813486298257,0.015462676940502346,1.0
,,0.1850672566819879,0.09350111683128624,0.027005353678559683,1.0
,,0.08992558632524997,0.1686405481592416,0.0209052412092502,1.0
,,0.1231120876409481,0.05153004486772308,0.005719249120107808,2.0
,,0.04639125579510778,0.03324401929170258,0.009053676989826806,2.0
,,0.14499103542131161,0.12605384219081905,0.021618955742217248,0.0
,,0.047848143117277725,0.025405872821919757,0.008025904549517572,2.0
,,0.11479677251196926,0.05550767351348007,0.013655764340686587,2.0
,,0.182860048546572,0.199986477147408,0.01065661004732158,1.0
,,0.03928490627261518,0.026669997767270914,0.008187280160465858,2.0
,,0.09101532876857994,0.05604583786122219,0.007938485301687496,2.0
,,0.10722895993560702,0.1145702095993547,0.019891272301622253,1.0
,,0.1354893347217898,0.12342720576399352,0.017284998466712994,1.0
,,0.0670147399006067,0.02998896516331503,0.017354625012611098,2.0
,,0.09625267284302971,0.06910925494908979,0.017189053962567886,0.0
,,0.04021710617833146,0.046355351073285395,0.018531162004895917,1.0
,,0.1181135484471998,0.05161364567517925,0.022072821375628035,0.0
,,0.07723076821258346,0.04291715241954349,0.007519750027339577,2.0
,,0.08076215301709884,0.046339591925403927,0.014447797776252769,2.0
,,0.10322623678068156,0.09353757317843253,0.018594749695667434,1.0
,,0.1281125752324558,0.05828881815083514,0.0206737161082467,1.0
,,0.03652296218010556,0.034702859826332914,0.010411620679708956,2.0
,,0.16467656261947083,0.08027239330026426,0.019573513035904443,0.0
,,0.120051465589215,0.04573684230915964,0.010212788686408162,2.0
,,0.08996852274711141,0.0554962588320802,0.012482244250937902,0.0
,,0.1789677071121583,0.04375958388607371,0.01165372622058274,1.0
,,0.1356234849689226,0.09070581158960438,0.022568103115888978,1.0
,,0.10153270984318136,0.142212076456381,0.02305340575889654,1.0
,,0.133168119803653,0.06886104753576758,0.0203225896937274,2.0
,,0.1552058253292642,0.16008567568891408,0.012523583166255969,1.0
,,0.12529695924210582,0.06434289278129181,0.009080590298985902,2.0
,,0.19919151701271248,0.12634963510738179,0.02191142829551081,1.0
,,0.0757712418683738,0.10141545091161144,0.02327544007605129,1.0
,,0.056039506575781835,0.03345282722125022,0.01452651974418017,2.0
,,0.057123418566961875,0.02706727889332735,0.009203496751888607,2.0
,,0.09000868641741842,0.060637268034839174,0.02207699933417239,1.0
,,0.0432270702906444,0.09405014447648788,0.024249262658141355,1.0
,,0.048280615388848966,0.048211151250259036,0.017296073239449695,2.0
,,0.10384407628521318,0.03316537629838413,0.011494809876163964,2.0
,,0.10338571287347612,0.037913286710758075,0.004031767684926304,2.0
,,0.030913609073120324,0.024173054124637692,0.00955675299167599,2.0
,,0.19042697508239834,0.17774800153516673,0.012631183799633997,1.0
,,0.16290158208645972,0.01722273834474639,0.00539199188693929,2.0
,,0.13385679433726122,0.0594866447798012,0.01934790817782237,0.0
,,0.20070857058334185,0.12507423800471296,0.020558001880544803,1.0
,,0.04644797870809012,0.02864486597055731,0.007806620345148439,2.0
,,0.15258216684753054,0.06855619172319764,0.00907903272053937,2.0
,,0.1743035334698385,0.07942333402091939,0.022800609939752886,1.0
,,0.08200528146171321,0.03249144457436318,0.005197152480699089,2.0
,,0.0823689633177847,0.08832610539848669,0.021343772684935418,0.0
,,0.07114502999425903,0.07166823712278923,0.019176928323369244,0.0
,,0.17226807891814186,0.08950752316405211,0.025191628738382214,0.0
,,0.04605519199354519,0.020167110368959882,0.009556520208377809,2.0
,,0.09435438480731913,0.045932316837118604,0.01044400017922206,2.0
,,0.026544183639203064,0.05390636574280596,0.013852922265470868,2.0
,,0.08733832648477657,0.047132735588900396,0.005993121449074272,2.0
,,0.04336934981953817,0.02698326951897564,0.008110092987092154,2.0
,,0.10945576857002232,0.0697057308036625,0.02275640358761724,0.0
,,0.06745420055088017,0.10308034468766686,0.022145417777722397,1.0
,,0.12623418170670503,0.07271074107036327,0.01799511865451835,0.0
,,0.14237046425595623,0.10429124658255431,0.017668044295782857,1.0
,,0.10762484158988685,0.0710362804679412,0.0174665089386348,2.0
,,0.15390322707883403,0.09843743531117174,0.021456472739899823,0.0
,,0.18114573746347912,0.05961861340974025,0.0276356159688695,1.0
,,0.09551871609628552,0.07242681012582736,0.014884318639558658,2.0
,,0.13626316669521465,0.11407941190031466,0.019837406359726122,0.0
,,0.1047360708961707,0.07307733783296678,0.01249115368012882,2.0
,,0.05747579324013499,0.06555893708322882,0.024297931633794134,2.0
,,0.03265484449312657,0.04474783505006108,0.010280973952159628,2.0
,,0.10482625143192188,0.04325422153079478,0.006435267452773858,2.0
,,0.1745118786427043,0.08116855921618495,0.017050221650643734,0.0
,,0.11288509252958688,0.09375984548648389,0.018854496869082967,1.0
,,0.09098030588651987,0.07384812137638205,0.01738528251071159,0.0
,,0.05124607399488907,0.024233849192546657,0.012040101756797147,2.0
,,0.097915059000837,0.10791054877140073,0.020879815975056577,1.0
,,0.056447553390398135,0.05050080613916272,0.010697694045577008,2.0
,,0.08046713733339175,0.06390093599432335,0.021430656903487406,2.0
,,0.10849029180937095,0.07797365384932473,0.015134360284459258,0.0
,,0.10183515075718608,0.08583108645782783,0.018635902312363783,0.0
,,0.08112715437921483,0.04786040765612489,0.011800152451851339,2.0
,,0.07419021113244577,0.06938793525187074,0.017124015541210277,0.0
,,0.20350461751810323,0.17027453412313395,0.010429535146315345,1.0
,,0.044794840847944245,0.03530099914211523,0.008792144045842443,2.0
,,0.20458491168278303,0.16833647157753764,0.011095938614528612,1.0
,,0.13290844789251532,0.07753664368462895,0.016206187208707295,0.0
,,0.06379658081977863,0.07259829832798417,0.019034049098777282,1.0
,,0.14394039710375114,0.12638325455355176,0.024471684503443298,1.0
,,0.11329482514851429,0.13883019676235633,0.020732926673385978,0.0
,,0.1335905331903793,0.09946826774627301,0.01687811981611942,0.0
,,0.17571484678156435,0.03495551593344964,0.005519790142887183,1.0
,,0.12963689976838036,0.07020008463657607,0.02178760397715522,0.0
,,0.12470296109923884,0.10069854790126165,0.01756150045378658,1.0
,,0.18138978698774536,0.08465807634742252,0.016414728102563777,1.0
,,0.07568515672535725,0.07855362449249996,0.012992657875056638,2.0
,,0.15849596623793916,0.17234767822672953,0.013855642471967713,2.0
,,0.08931290593499253,0.04599027087100881,0.0058459613128162445,2.0
,,0.1366933030942123,0.0927420923317842,0.01983122766608811,1.0
,,0.1738011009917164,0.14150401396209425,0.015309744298208281,1.0
,,0.1033651036104218,0.1083951111431883,0.02015586318766546,1.0
,,0.14591158422459088,0.12953191741369338,0.023088151970356983,1.0
,,0.10624964514305446,0.11317937676084742,0.023163659577797428,0.0
,,0.05624289177710968,0.038907527426310186,0.010668390497556557,2.0
,,0.057866564941036376,0.04334666831102782,0.011481989793393665,2.0
,,0.14629823033962136,0.13616496135407366,0.016726672893197476,2.0
,,0.036691548312549144,0.04306034258823777,0.010488132076680763,2.0
,,0.10692976264679287,0.13725803010703397,0.013649213016285038,1.0
,,0.15132521912895913,0.10561694525525653,0.017847573696147024,1.0
,,0.10536487976623662,0.08040042982904314,0.008000447850818444,2.0
,,0.07618409968367863,0.09094540369390637,0.02028057974919208,1.0
,,0.1882958884520351,0.1036324467478404,0.01622560733444191,0.0
,,0.10088334639168973,0.06119939243283734,0.01137947595685033,2.0
,,0.23258981781958266,0.0767168790472814,0.015525891798856271,0.0
,,0.07713030585585735,0.0428260741997732,0.008009907842836183,2.0
,,0.15521684043954356,0.0842724379154397,0.021677637773671883,1.0
,,0.11445581766464165,0.1091613928448664,0.02414998298726097,0.0
,,0.020443129152797432,0.02702939604453694,0.00671893753200843,2.0
,,0.11416289679460741,0.0785546890429218,0.01759233267032862,0.0
,,0.12680015667797798,0.13826675255684437,0.024561084096644304,1.0
,,0.23502518013780171,0.059190660083331535,0.017793329014706004,0.0
,,0.08227149046055438,0.079801042093813,0.019378244783265074,0.0
,,0.07260296139763348,0.0586115278489064,0.00825920521584352,2.0
,,0.03972796926084167,0.05128422530812624,0.011602898919302046,2.0
,,0.051969548808292895,0.0764661899266889,0.008349318101721188,2.0
,,0.16407646503041431,0.0931020556067046,0.017434215466525963,1.0
,,0.07975973985319744,0.06235732334638046,0.011879561083911397,2.0
,,0.11259846516755351,0.08436062218256718,0.02025412961632122,1.0
,,0.12751472053848717,0.1068158705908901,0.023330335098863227,1.0
,,0.2349393318328337,0.15700848921037988,0.013425602813859036,1.0
,,0.034127168535949326,0.02866362769088213,0.010480653271334689,2.0
,,0.09170103863943789,0.1473493433654686,0.026063388520085995,1.0
,,0.07891509452653891,0.06851352594609153,0.018690016280705907,0.0
,,0.09935978391650488,0.08197009571094331,0.01683452680478034,0.0
,,0.03195754093132984,0.029762713488426993,0.019547098410393947,2.0
,,0.07697774409833395,0.06417006463312962,0.011744653109841813,2.0
,,0.25898971989168384,0.177415744612246,0.012139267389987819,1.0
,,0.11069742272013103,0.08948913469009973,0.014486256554842609,1.0
,,0.27031227437313643,0.12218205944660629,0.011580628875452331,2.0
,,0.023191636840539476,0.03813161071049128,0.010453088346964444,2.0
,,0.06952406644720353,0.10654631656617501,0.02473453806161873,0.0
,,0.05384414956052111,0.04509434887066904,0.009049490816268525,2.0
,,0.10530195759954203,0.10394887513894185,0.026230351233451854,1.0
,,0.08649188055352408,0.05145840447529819,0.015592829139300443,2.0
,,0.1502774802461366,0.07839893197037674,0.010122645172337458,1.0
,,0.1760165478643823,0.08928852202014959,0.0162692096990821,1.0
,,0.10626617274261885,0.1453485865199355,0.02405844000676761,1.0
,,0.09879229117819674,0.03554918780322025,0.014421161209360373,2.0
,,0.074920645500201,0.07950972348727742,0.017717821233588633,0.0
,,0.09839573751981316,0.07961616790944667,0.019940802273845547,0.0
,,0.07974503339119063,0.07253025988427841,0.01697770096798388,0.0
,,0.1603839839642729,0.11469891606803448,0.011473449146331147,1.0
,,0.17473512827216822,0.08512817883829203,0.005802200589399039,1.0
,,0.1272611423194468,0.08798308040648742,0.01593981231482713,0.0
,,0.06991527087712462,0.028357632206846232,0.016274694246739278,2.0
,,0.07699189659112643,0.048421917963901356,0.004678280724221451,2.0
,,0.16349860296092528,0.08548977701182425,0.018350192409115854,0.0
,,0.13394835394009588,0.07164918650220868,0.014935539577485312,0.0
,,0.1599498205035748,0.11394020844499894,0.00946846155443101,2.0
,,0.14566713242914897,0.09339315331431715,0.023391960802698602,1.0
,,0.12719820467918336,0.08454657269057916,0.02483509858046102,0.0
,,0.15020943752097518,0.21287507196917985,0.010598265440008478,1.0
,,0.03108802568581283,0.028301198995039648,0.014057537525355896,2.0
,,0.10369095377294707,0.05846285491468239,0.01822416148308329,0.0
,,0.0854118851240802,0.1459367813595686,0.03151786166175675,1.0
,,0.04642768992671265,0.08217794330690528,0.02235100062981246,0.0
,,0.12111873081164541,0.03229308866291167,0.006026999024829096,2.0
,,0.1225388562798172,0.09751343282364423,0.019297701518863654,0.0
,,0.10862397871749221,0.13448961293065959,0.02293218761868515,0.0
,,0.10383671203884132,0.07559096482698163,0.008575208354887643,2.0
,,0.1160266647368271,0.09377492186817997,0.008341813542570884,1.0
,,0.08041630195027576,0.08105607700530128,0.017022172176436666,0.0
,,0.09467514256463821,0.08248917863358851,0.023752271954977814,1.0
,,0.13637656666720646,0.11688735253657101,0.02031747532952842,0.0
,,0.16745374221792295,0.09081167352686195,0.01679478992140408,0.0
,,0.106778108794308,0.14824794281064488,0.01212395839213605,2.0
,,0.11256604781997692,0.08742772329937706,0.022656916346463947,0.0
,,0.029893471567189273,0.014657350402761452,0.006346845633582843,2.0
,,0.1296230370269711,0.07612186092565815,0.020924573343861684,1.0
,,0.07398618186122137,0.08238974965285034,0.018083413859964086,0.0
,,0.10090623715573768,0.04780673283191724,0.022955781729599323,0.0
,,0.048573054717320756,0.02039229430306026,0.01084741732926958,1.0
,,0.24270340354796777,0.08227314063717363,0.014041759767775497,1.0
,,0.036547936339960264,0.026204426652440584,0.01040684505105296,1.0
,,0.056557092547179985,0.02316401512486331,0.006388779181842983,2.0
,,0.08348883672066877,0.08997979039774333,0.024517624180486183,0.0
,,0.09957288209521031,0.07683921040540638,0.023107051091984146,1.0
,,0.045372586142769226,0.025458518093290177,0.006445303709293907,2.0
,,0.18919358957060334,0.1394092988829611,0.018390737479802098,1.0
,,0.03856164682693194,0.02315398198309107,0.009412232439469719,2.0
,,0.1454136739218087,0.0664867429936205,0.019254150317247695,2.0
,,0.18990847169226904,0.07815626855253845,0.018607353924227577,0.0
,,0.05635228350915633,0.08215576489903494,0.018357376818107556,1.0
,,0.037709418098979104,0.014693484361113228,0.006514336104112446,2.0
,,0.06033725668823245,0.03805870353516139,0.017470456394592847,0.0
,,0.14506079419428108,0.08843207165334337,0.018919622631880573,1.0
,,0.1447970075612051,0.16203675986080165,0.014603868207728599,1.0
,,0.10520711867697384,0.10543588830786967,0.009290953918206958,2.0
,,0.15908424932930393,0.02358828818496203,0.004082121805489114,2.0
,,0.12511557707233847,0.092042867722461,0.021347538927972302,0.0
,,0.048700292160899536,0.04464565822387075,0.01025578521512334,2.0
,,0.031539544353547895,0.0423651223874304,0.0057681186550336905,2.0
,,0.05933418422466484,0.11542258047363946,0.02260025884675555,0.0
,,0.06253611808884342,0.06521449644190298,0.007829982242242328,2.0
,,0.14716904859859392,0.0761458826836685,0.018216014446827175,1.0
,,0.10876488218201302,0.060841872220928295,0.010574792566700617,2.0
,,0.09368960577024127,0.04613797636282071,0.021549461314867863,0.0
,,0.102619633886479,0.049576023843564895,0.008267944019402467,1.0
,,0.21661896982477663,0.1376753999505324,0.027727878473637214,1.0
,,0.08677982619463986,0.10549855464474425,0.020645811215873052,0.0
,,0.11500465305559224,0.07186161332731633,0.018436714944473177,1.0
,,0.11352537225455689,0.03795728531207402,0.00787588717421751,1.0
,,0.08096524574083014,0.08318280987347376,0.016549283075995947,1.0
,,0.26074630680010946,0.14485256643868175,0.022642019437083483,1.0
,,0.11701250341739025,0.1089094930882129,0.025140625515731745,1.0
,,0.16433997204121567,0.1153954555708018,0.029634849790162947,1.0
,,0.08454790270700847,0.025190925030292556,0.005196581536741229,2.0
,,0.09284079075243871,0.09335054183633733,0.01635219965528937,0.0
,,0.1342401925061949,0.0633841622688523,0.009555973744010748,2.0
,,0.12125329068893975,0.06386284386157132,0.016121662540978528,0.0
,,0.13564312182208108,0.090068266859504,0.01616699302375113,0.0
,,0.11731982039546127,0.160729538377681,0.012143060803189876,1.0
,,0.1470937005409025,0.10703377313840529,0.02309395132166106,0.0
,,0.21642137173676743,0.10014644340625345,0.018654642502160406,1.0
,,0.10648281498038409,0.0965075122137375,0.014381868914359396,0.0
,,0.10960557464116441,0.1042260966581483,0.02930686849027194,0.0
,,0.07648640082964799,0.11432012987419739,0.021004305664683434,1.0
,,0.044794840847944245,0.03530099914211523,0.008792144045842443,2.0
,,0.12399195783539438,0.0972718805618206,0.007651458523370422,2.0
,,0.07261484227401026,0.06272380842436813,0.03249387703436084,1.0
,,0.04442984466365474,0.030680779396566483,0.007675784950195079,2.0
,,0.0675302582551143,0.0855520351091025,0.01886088595625461,0.0
,,0.09330102902816584,0.10551331090993336,0.02377037507126334,1.0
,,0.1254885315865995,0.09196631889251128,0.025099864903351914,1.0
,,0.06827455457742976,0.06617289834599371,0.01785394811424598,2.0
,,0.03652296218010556,0.034702859826332914,0.010411620679708956,2.0
,,0.027023986150683195,0.03536952874620232,0.010037797484098198,2.0
,,0.09922395147964438,0.09181002633826137,0.019757217909220973,0.0
,,0.07771578317872438,0.03655597964140199,0.005356771166592211,2.0
,,0.10863992667171656,0.08557750705386694,0.019306340179950497,1.0
,,0.09165871729357973,0.07946079338897315,0.009608740232400536,2.0
,,0.15421838818036016,0.12653034452989653,0.016271113473282906,1.0
,,0.09214475216907507,0.07046779595496754,0.02026979541785511,1.0
,,0.23503032863464612,0.15272750371371274,0.012564740514577072,1.0
,,0.09058298139679438,0.06611280818322682,0.007110575809065783,2.0
,,0.10603785968214101,0.07943371529301983,0.013406847326960207,2.0
,,0.204122476509773,0.0938813164968551,0.029186651952537144,1.0
,,0.12223779087386724,0.08915811539125516,0.014221190570831922,1.0
,,0.21741132575920138,0.15471789582662535,0.018206838062764887,0.0
,,0.08796785359869622,0.12283227696745705,0.018955858750108526,0.0
,,0.18690039535003516,0.08103795614254802,0.019950705874603777,0.0
,,0.262586449989428,0.11652314574147679,0.0066581707514707265,2.0
,,0.009581067477527494,0.06483080838229172,0.004140005336973791,2.0
,,0.13398426589601184,0.04558089610858889,0.007650799088664196,2.0
,,0.11218072364706509,0.06385324261048625,0.00906950199200609,2.0
,,0.09414147051388203,0.09472046109599841,0.021516175415132566,0.0
,,0.02002747706292204,0.015762643745686807,0.006838522360959104,2.0
,,0.08360296140511923,0.10279019714796057,0.015689013237822746,2.0
,,0.14217529851334906,0.17192785356313897,0.011492880121246243,1.0
,,0.13274270598872032,0.09376424120900416,0.02004835727883019,0.0
,,0.10787248270448371,0.08777279202448815,0.0264547262597473,1.0
,,0.14738188117833198,0.13583959048116098,0.024850282703125382,1.0
,,0.15390101858674307,0.08783163180584345,0.006260746595932584,2.0
,,0.08950497288695504,0.0581163537969449,0.02051519237025261,0.0
,,0.04186023711993421,0.02545003480782615,0.0061492272590432905,2.0
,,0.08941647693709111,0.030305963711470766,0.010308348415701248,2.0
,,0.09237207606938874,0.06040399606544594,0.019750200112566223,0.0
,,0.03464166408765745,0.012601541064964061,0.006939764522678737,2.0
,,0.1992240324827817,0.10152272295397403,0.011460367342552905,0.0
,,0.21990007364911687,0.0447739265633249,0.010233577322673987,1.0
,,0.08993510918922482,0.09250907362462411,0.020865506296385245,0.0
,,0.12165695438364951,0.08189864719222395,0.009666369665738228,2.0
,,0.13235384171667325,0.0958242318183058,0.01936037829897561,0.0
,,0.08446890139041098,0.1135072993069488,0.02259577183815851,0.0
,,0.143679273985737,0.07301414786704918,0.012168048092727106,2.0
,,0.14359826312202556,0.11226118296157536,0.021796664764786908,0.0
,,0.08265338666425795,0.07046807969588591,0.018437664222180187,0.0
,,0.0734727242415773,0.08903499501592854,0.009340139536094237,2.0
,,0.038641515828788685,0.020226844610484136,0.011877390473775246,1.0
,,0.06626819793232826,0.06925430192198759,0.020768687719792223,0.0
,,0.1266801144517931,0.12883548184080637,0.028413021169088115,1.0
,,0.1671634138127255,0.036507558719189606,0.005224705350613673,2.0
,,0.027368721613689858,0.020930256440492137,0.008070017917299712,1.0
,,0.11051334785169628,0.07564315417064044,0.013164990290950867,1.0
,,0.09028427586932558,0.11056889000162526,0.02109400199458812,0.0
,,0.1840252600093838,0.1052327012877744,0.016731403958648465,0.0
,,0.039212044653217024,0.01700566766932153,0.008897886577748152,2.0
,,0.06008779126253149,0.03308725583590209,0.008783269399160555,2.0
,,0.11346904063234045,0.07116847135135183,0.006079913852850366,2.0
,,0.062189677607679225,0.11616134587083383,0.023248044004057417,0.0
,,0.17735619214957832,0.047660128073147595,0.0075025055050222285,1.0
,,0.07099199021503876,0.06030490320114621,0.015866020055297175,0.0
,,0.05854242108606583,0.046235007259318534,0.015481412180321613,2.0
,,0.04938367902704782,0.03598465627551657,0.007730095976401015,2.0
,,0.06458137012774307,0.04763259574724557,0.012510634859541849,2.0
,,0.0743823131884907,0.09797916546244297,0.01376543974279284,1.0
,,0.14425960276480895,0.10086356335193598,0.009368910809066437,1.0
,,0.07448359235580401,0.07240242341562071,0.019139006813264775,0.0
,,0.24998757354225712,0.1509861556396712,0.02048688462548908,1.0
,,0.18065635358597038,0.17868334493203253,0.014113048974765873,2.0
,,0.07793643913449867,0.027809545543581005,0.008604787962676158,2.0
,,0.2003283847346505,0.10350250279519126,0.015470862146310363,1.0
,,0.1275366665430129,0.14047884329176458,0.013874909599057845,1.0
,,0.11182964743799384,0.14704434981817105,0.02006481235112964,0.0
,,0.0982659573356685,0.09745253023034908,0.019487300119639624,0.0
,,0.1406362310769994,0.08649873793306014,0.0201617487193176,0.0
,,0.09891455159785781,0.06929166477072685,0.014887892325258351,0.0
,,0.10242308996467195,0.09328029603695698,0.02171508457212161,0.0
,,0.05492026402592637,0.05466918859298393,0.012524575876516253,2.0
,,0.07398615919565181,0.06536550094578068,0.012006420549590922,1.0
,,0.025982093347960738,0.02538122068963163,0.006225993942268357,2.0
,,0.1252953018273189,0.0676779903420555,0.022205079364665647,2.0
,,0.18156062709776316,0.13957155775023725,0.022407834622122806,1.0
,,0.17401494553747582,0.09332458038438796,0.01416071404778783,1.0
,,0.1556309869338634,0.07484947402687632,0.01307625725162833,2.0
,,0.11015306796547784,0.05716912525731629,0.02146018559328106,0.0
,,0.10609404882528381,0.11935913793000316,0.022733954456665536,2.0
,,0.1271365404903325,0.11011220393081506,0.018095270434602878,1.0
,,0.07497111354977583,0.018302495596235323,0.005712317552472389,2.0
,,0.10650433140552681,0.034073028865026805,0.009295793687324038,1.0
,,0.17196061279897387,0.04249659561770988,0.005682550232267254,2.0
,,0.029003308983159688,0.010102212414776117,0.009928911705542528,1.0
,,0.14193649787349547,0.09985820417779225,0.017205547363581264,0.0
,,0.12071002198947417,0.07922543372870297,0.02027481191854227,2.0
,,0.12196183208899389,0.019432736219045784,0.006831063740731262,2.0
,,0.1291603074935739,0.07518397278824246,0.01798608465954905,0.0
,,0.1416636788023634,0.09998030185862383,0.007664707184051618,2.0
,,0.04650004290053859,0.10926486193950317,0.016825176270541413,0.0
,,0.10879674084311004,0.08663625415392838,0.021722842380847648,0.0
,,0.09663677756395582,0.048713901969714396,0.01868421367304949,1.0
,,0.08811560019310795,0.055983536638174944,0.01544618037869904,2.0
,,0.06636844809952609,0.0806891171448605,0.0056064315309076705,2.0
,,0.1804453289155454,0.07669751367871433,0.012372319180691777,1.0
,,0.10105586723985752,0.03274096343977392,0.006834744010049587,2.0
,,0.06120114976268665,0.03358862425181177,0.008092026087375186,2.0
,,0.08461223017226138,0.07931183932926884,0.02456056631372187,0.0
,,0.10849062846561201,0.06701765434365549,0.01807554859139867,0.0
,,0.013417386402618305,0.07663154213812119,0.007127836446291297,2.0
,,0.1345141130960973,0.11323091626517029,0.010971716300695978,1.0
,,0.16611958473706873,0.13994783532721286,0.017683208070311235,1.0
,,0.05190107697203096,0.04590138381363876,0.012720446509063753,2.0
,,0.09113483911951153,0.03333954892787161,0.013846238079249994,2.0
,,0.061753565493852344,0.04292939628684906,0.01802636844727254,2.0
,,0.14290572130735804,0.09803661241260504,0.02570865390261567,1.0
,,0.12756597415665544,0.08468609713467122,0.028179245091218216,1.0
,,0.10491777598990641,0.06994927923783015,0.015693475803035328,0.0
,,0.21742505569732126,0.1621030384763828,0.01612912548536582,2.0
,,0.022681576631823543,0.020100358222658384,0.007654355486820437,2.0
,,0.07077082396730744,0.07628463222913702,0.020465409635763383,0.0
,,0.07608061942620858,0.05574654579008523,0.01222675627186546,2.0
,,0.18440270875501258,0.10616592354973853,0.008535466592947256,0.0
,,0.09624035345281431,0.09194133073017513,0.019028008434606444,1.0
,,0.08091509976666773,0.047013176897833214,0.022626384125605418,1.0
,,0.03664927553383878,0.02126407837114099,0.01022583795011841,1.0
,,0.1363034875533008,0.08688078043097089,0.025672762095472073,1.0
,,0.14130027490950894,0.07483789763073748,0.023186820069253242,1.0
,,0.14985935444644014,0.06300672655915471,0.018135924292540184,1.0
,,0.18376105206406987,0.09860829961251326,0.007896535970805751,2.0
,,0.1407799894456977,0.10877987300247671,0.0189322618187188,1.0
,,0.30144706350726563,0.16964647259191407,0.01126707905959336,1.0
,,0.1164221296220424,0.12224720559893258,0.01948853454909453,1.0
,,0.14280706188082937,0.0715993952445823,0.009079429759331032,1.0
,,0.14431412572910796,0.05775506031885333,0.0036953931352479217,2.0
,,0.08918691207636045,0.06341720815071926,0.02306405832297163,0.0
,,0.07000320547629549,0.11276410105795179,0.0172181553247309,1.0
,,0.1255113001492581,0.10155990974203065,0.016771728704502047,2.0
,,0.11905884731002286,0.11073563444492697,0.023792194343623903,1.0
,,0.08161457206820333,0.05435427565298321,0.012184902064557157,2.0
,,0.08027629629954948,0.0630483391873382,0.010893504731435483,2.0
,,0.10368091329665757,0.0392679148838608,0.0064556765481357,2.0
,,0.029589677555301674,0.03996230927058251,0.010285011879077604,2.0
,,0.11605375193300636,0.07955087923714081,0.017645345032539953,1.0
,,0.06715157051987784,0.049974848414418835,0.007272846758001949,2.0
,,0.08293932254986046,0.038846546621996575,0.009072556145594917,2.0
,,0.16648597304024296,0.08050416106195021,0.014019740181099263,2.0
,,0.17231966398436688,0.1652709023676052,0.014298737077336423,1.0
,,0.0826982946116723,0.023261132452701627,0.005079835342200542,2.0
,,0.07011154504704646,0.026847959036379408,0.009188778885404963,2.0
,,0.12859248475638435,0.03570154784876678,0.009283190058195636,2.0
,,0.20963918325164865,0.09243285645225656,0.022418525698847527,1.0
,,0.03131549010694394,0.05093816503814505,0.0070153022060511295,2.0
,,0.2453496525334089,0.13239700127868495,0.02348670100722399,1.0
,,0.07424167825718746,0.03605434008510282,0.00882870307616999,2.0
,,0.024816405429087432,0.02415863353568631,0.006013241267306271,2.0
,,0.09271194938176229,0.08232933009729687,0.019255772277724067,0.0
,,0.063205973228881,0.024403676476827067,0.007562417657148117,2.0
,,0.09881379667718711,0.03784022249198129,0.008517504591445969,2.0
,,0.19433398079893527,0.13128261740221636,0.00688107075140688,1.0
,,0.07462357104084211,0.08920444268005069,0.018179485800390322,0.0
,,0.16086308113731795,0.08419121700048536,0.023300362046632824,1.0
,,0.07704956192474598,0.06264307832855823,0.019715697828347766,0.0
,,0.11049478621228849,0.024715938229455784,0.008880450310679106,2.0
,,0.1409845512913654,0.14935962195210079,0.02513325372929456,1.0
,,0.11172699300509827,0.08810059156831082,0.019714255881373214,0.0
,,0.12093627909789757,0.10220610366719282,0.02015690987510512,0.0
,,0.12079637007354445,0.16451456200118356,0.019834815232181384,2.0
,,0.17304262559335643,0.16173721490712625,0.011456031121234887,1.0
,,0.15006112275855996,0.09703450700944427,0.02663100323885261,0.0
,,0.05249520272380079,0.1377480576548375,0.021363702977369822,0.0
,,0.1232497114853312,0.026241196632998034,0.005352509560463942,2.0
,,0.09668375294919365,0.09068616743030285,0.01314953290248857,2.0
,,0.08259286055208882,0.08226963688031722,0.02432982406042677,1.0
,,0.14430509532483182,0.05054677260729054,0.019153751763320487,0.0
,,0.12039716502293593,0.057274933829865635,0.017971554483540316,2.0
,,0.12586877814879646,0.1382427353891233,0.0173984060465511,0.0
,,0.12759233810666765,0.1380710712899436,0.025683017585968162,1.0
,,0.2473862695852584,0.07268555033305611,0.020942248582664802,0.0
,,0.1368755256145579,0.15419266888753397,0.013881676892443408,1.0
,,0.11340178081410489,0.08719618560031127,0.024398398753930125,1.0
,,0.06742783008178374,0.037257087156178585,0.007143451697306226,2.0
,,0.09454686786376647,0.06021326556431211,0.019937686395590626,0.0
,,0.3062220416109931,0.16117834394792283,0.009302727627588523,1.0
,,0.1664190734563675,0.10850405358824625,0.019465224125452183,0.0
,,0.029893471567189273,0.014657350402761452,0.006346845633582843,2.0
,,0.09457007473849602,0.07981645561475802,0.02093741053309256,0.0
,,0.12387281436114919,0.09738627564882135,0.0191630903278221,0.0
,,0.1435695638370644,0.13428151254944032,0.01221386323641852,2.0
,,0.09091598649721584,0.06468636052726755,0.018332817348689058,0.0
,,0.1582107783643856,0.09003478950966333,0.02349445438480091,0.0
,,0.10747117214304695,0.04507627082985423,0.005203700588646283,2.0
,,0.07325946846502616,0.026738967692724158,0.007943962756312655,2.0
,,0.06792727752345668,0.03339644862074108,0.010596460947391568,2.0
,,0.1482122308549561,0.1432987705762154,0.013623792464011757,1.0
,,0.08149619248246581,0.08266334673397768,0.023892167518104076,0.0
,,0.0971924675712244,0.049808414453766894,0.02050546549908459,0.0
,,0.06413727899629912,0.04581910812912239,0.006308624107474744,2.0
,,0.07417929992657331,0.056917743312103364,0.018865810072392766,0.0
,,0.09386700217873059,0.06231435249466747,0.017553733835396972,0.0
,,0.06371555499264621,0.04156244501570558,0.007130106723321034,2.0
,,0.12935801989518722,0.08308207321910988,0.02325048948401295,0.0
,,0.12442613360846073,0.18379309218914344,0.013571090835047366,1.0
,,0.1290707669747926,0.10107361020789396,0.02161517993858678,0.0
,,0.047848143117277725,0.025405872821919757,0.008025904549517572,2.0
,,0.08476319964849524,0.05355472663674669,0.020199471620413155,0.0
,,0.13849048774289602,0.0656514534275645,0.021375459078928825,1.0
,,0.04843204192926617,0.06634828198016274,0.02084556860686879,1.0
,,0.1743450309361959,0.10646051556389075,0.021863490784862456,1.0
,,0.12064065450494992,0.09100001276511306,0.01917873025618886,0.0
,,0.12966197487536207,0.13180168316421317,0.01907584818614723,1.0
,,0.15327835956104943,0.12283006012097503,0.019891995446916153,0.0
,,0.1112981713192675,0.07210364531303994,0.013451652401679767,2.0
,,0.06356509660305566,0.06507011834838139,0.008743783654736192,1.0
,,0.10143501974121591,0.04781230177505828,0.018318864244592486,2.0
,,0.09469961855467521,0.09090887108749394,0.02005288148008613,0.0
,,0.04274456264608655,0.031933565779515845,0.009655114296901293,1.0
,,0.10773548688086737,0.06636189942414573,0.028327903468057646,2.0
,,0.22606000988078506,0.12241443809319896,0.020492868981569407,1.0
,,0.12574807766180138,0.07271519840191218,0.016421450419351127,0.0
,,0.04950099962515059,0.03536247393716087,0.008241635560592063,2.0
,,0.14622304590468319,0.08826040664779518,0.02113593062018232,0.0
,,0.055857151493429326,0.03372786099262404,0.010037029236897352,2.0
,,0.1283334786971853,0.07111396142429705,0.009967059241786539,2.0
,,0.0282548083872362,0.033913819229954754,0.008880194954520235,2.0
,,0.12677451471905818,0.1337458933079405,0.025473375873496545,1.0
,,0.21354383045554653,0.2455748129982692,0.01297618820654065,0.0
,,0.06371678404029583,0.022238647513647375,0.00643225922475301,2.0
,,0.11013856939766237,0.10334551586412424,0.01609103178319116,0.0
,,0.043086238250576114,0.04317981005227475,0.008556413680081903,2.0
,,0.0947161810263227,0.0575244766601158,0.010121957981467478,2.0
,,0.12426340206094914,0.14137604326640457,0.0195397448112066,0.0
,,0.17133068628812892,0.12743606226327242,0.021636561328253926,1.0
,,0.025244109375970592,0.03057791260960131,0.006845804907572833,2.0
,,0.13025276736890778,0.061593249263194046,0.018548153661648897,1.0
,,0.1392009109663924,0.1686978216934414,0.01146883439126189,1.0
,,0.07793643913449867,0.027809545543581005,0.008604787962676158,2.0
,,0.10875274917393485,0.0858699407391465,0.02130569391470683,0.0
,,0.1324587465700708,0.0884230042701114,0.023314693995877805,1.0
,,0.08116845309015217,0.14423539358384965,0.014364292749730365,1.0
,,0.07778252933944016,0.05888997005489356,0.00862706847640382,2.0
,,0.12272063931206088,0.07488410663604397,0.02293708956373098,0.0
,,0.11560257694758337,0.04635867822133666,0.024144030488007635,0.0
,,0.14246710769634877,0.16090189875167993,0.012393793148589217,1.0
,,0.16138848791554328,0.10210739713906428,0.020466134319043008,1.0
,,0.06808548726800254,0.10701231281637014,0.016944721598848758,0.0
,,0.13398426589601184,0.04558089610858889,0.007650799088664196,2.0
,,0.11408321764331023,0.11381660190364506,0.008324830979987654,1.0
,,0.09736846505976887,0.08588738638752286,0.021420133311231774,0.0
,,0.048067485775624905,0.07715245371894529,0.020591940673974452,0.0
,,0.03964963900685778,0.02247776707542073,0.00924427885332837,2.0
,,0.16506462919800463,0.06864123263484562,0.007346582489293917,0.0
,,0.09589035637337173,0.12813174686253156,0.020269971867157854,0.0
,,0.027759615651266122,0.03692866227276701,0.01033882066749356,0.0
,,0.09433953448455284,0.1644720949172755,0.013003295718056383,1.0
,,0.19344148274947234,0.11142241838854655,0.021035764887795638,2.0
,,0.05079055018631983,0.07418826347249012,0.01986278520549508,0.0
,,0.08234379107061385,0.1954168173052808,0.02557481979086309,1.0
,,0.15714912529155523,0.06914209767765941,0.021792169890094137,1.0
,,0.09558503417573724,0.06300259785862858,0.019848324263629646,0.0
,,0.028644497602228047,0.054005568821613545,0.004901515231463318,2.0
,,0.16477608203296543,0.1451390551957188,0.013392018327054899,1.0
,,0.11445542110166262,0.07062009300072143,0.007273981509418615,2.0
,,0.0803637086214225,0.09188436968083656,0.012326235827743821,1.0
,,0.07884398533973253,0.07985503902852911,0.021874847784586593,0.0
,,0.1407468425469045,0.10004744677567848,0.016007474477150604,0.0
,,0.13155009142766672,0.060149039652672244,0.02335657755830689,0.0
,,0.11991329252284089,0.11305054696845875,0.02447217567484508,0.0
,,0.09103769936605814,0.08251633058012056,0.012018338167005004,2.0
,,0.13575772107562942,0.14806905639790527,0.026319982477980192,1.0
,,0.1697323983102777,0.11303394768601484,0.014599842287655982,0.0
,,0.17550220888212556,0.0843685078125788,0.018105682852113083,1.0
,,0.1434741080762456,0.07260539042262902,0.019964045064170037,0.0
,,0.12783160530542156,0.060743339601356035,0.02234628030410742,0.0
,,0.17154626924339025,0.08135969591028414,0.003941002892725046,2.0
,,0.0970446784876552,0.08085580730835708,0.019209397534023086,1.0
,,0.13488046938668677,0.08825287094256053,0.025091160358700758,1.0
,,0.1702800253762433,0.08903613713792145,0.005773767993475135,1.0
,,0.058688248842839554,0.06814668435848534,0.024378510325176562,1.0
,,0.13592722858551398,0.11398874281306237,0.020220897008972442,1.0
,,0.08411668057718018,0.04190820096627079,0.010002990979392704,2.0
,,0.1017926997835858,0.07607682440782103,0.013228931263761633,0.0
,,0.12040637699923268,0.0719769493495108,0.006774098791411004,2.0
,,0.4061901191227462,0.1703169132269008,0.01462972480622388,0.0
,,0.17349357150219644,0.09217901103885169,0.03017574632677862,1.0
,,0.0811765579335487,0.06118937735564057,0.008165057337109812,2.0
,,0.08070411545334072,0.013491178460977204,0.009926643542880186,2.0
,,0.10182207850803567,0.02840995673789343,0.004940475058290994,2.0
,,0.05124607399488907,0.024233849192546657,0.012040101756797147,2.0
,,0.11108182879785318,0.03640790910059031,0.011675764159062102,2.0
,,0.15164662687927394,0.09884873226730792,0.019934011117009848,0.0
,,0.09463908849949308,0.07838389627784131,0.02009036115809691,0.0
,,0.22651242110067588,0.07053950839835053,0.019876046642024307,1.0
,,0.08400637545115604,0.07262302276946571,0.025150672791273844,0.0
,,0.190826168076706,0.0767171549675642,0.018015902271631534,0.0
,,0.11791818587467406,0.1655040548195042,0.022760119508428527,0.0
,,0.12910634708130572,0.16080370599603902,0.016926208363823702,2.0
,,0.07756215243855534,0.07680591797787173,0.03089222772283302,1.0
,,0.11466107747294406,0.14605662809048559,0.01849762116128445,2.0
,,0.06749501843124092,0.07123486847883084,0.023764632724628778,0.0
,,0.09436944914439711,0.07152007730623786,0.025425762190163532,0.0
,,0.21401021245590326,0.09055792409422751,0.02316147469364681,1.0
,,0.0408367110741507,0.04105669298088706,0.008555209402682578,2.0
,,0.019374126019450745,0.031088166436920753,0.007954707323400834,2.0
,,0.044617425443641216,0.025474097436146384,0.01246280633193938,2.0
,,0.044793310309892725,0.03539411655993948,0.005134522337663293,2.0
,,0.18558942842030524,0.10356050952026587,0.020724910938023637,1.0
,,0.13244787362513777,0.08369329877318255,0.02359975729828434,0.0
,,0.1697065396358444,0.2090331188610688,0.01759633834728802,1.0
,,0.11094220206399363,0.06034576266290307,0.02372610565407273,0.0
,,0.07095783167292519,0.08252436855537346,0.019083485851763678,0.0
,,0.07835129726564519,0.04827832717461989,0.014792504430719977,0.0
,,0.12608050849913857,0.07368668698207305,0.012964194054732857,0.0
,,0.08540262935469506,0.12009575773280956,0.01721588048903484,0.0
,,0.09770992640287432,0.11942284389192002,0.02032598430219852,0.0
,,0.13909666605236587,0.05814577483848313,0.01459238063876323,1.0
,,0.10503997600343519,0.07128276548071391,0.021016590769378743,0.0
,,0.11922733801202531,0.18788718650827785,0.015289152674748842,1.0
,,0.06008779126253149,0.03308725583590209,0.008783269399160555,2.0
,,0.14230782193145816,0.07106330380509975,0.010934880591522925,2.0
,,0.12273455897875934,0.06286948656493563,0.009971514769490703,1.0
,,0.20067411201638707,0.05773546617000562,0.008654782206902712,0.0
,,0.03193308154369183,0.0665921739048961,0.005817189297007011,2.0
,,0.05308692428416928,0.07934738033894154,0.008884342941934905,1.0
,,0.05193244748254951,0.07306514181678678,0.017148592990793143,0.0
,,0.12671790557826995,0.07870809199345044,0.024400191672919493,0.0
,,0.08778706610040315,0.08142593599262661,0.021149809178556918,1.0
,,0.03265484449312657,0.04474783505006108,0.010280973952159628,2.0
,,0.08996124826388542,0.10421639181123606,0.01274015523184634,1.0
,,0.0984493990839676,0.0829648490470376,0.01970510678957346,0.0
,,0.14787032315424936,0.07722928407145613,0.011661449458149488,2.0
,,0.17011075819273636,0.19477645755053566,0.01132324019032344,1.0
,,0.200921874585431,0.13978169952082314,0.024948829115751164,1.0
,,0.02432214179333783,0.023525937368044782,0.008469212737314876,2.0
,,0.2383576793587143,0.11414292436176368,0.016827029081164614,1.0
,,0.13279318548852037,0.05998191997192646,0.01918939448623078,0.0
,,0.08885607653688768,0.07641141219592984,0.021186292166729154,0.0
,,0.06932659367232966,0.05426098780493122,0.005436403341321577,2.0
,,0.13310650752303477,0.06008429550426268,0.01195644182794223,2.0
,,0.22535351486462946,0.08550144978608588,0.010981707454691347,0.0
,,0.10490575548663882,0.060497072587211424,0.011979360895414749,2.0
,,0.15604798724332228,0.09456022499729769,0.02131103206830689,1.0
,,0.05046150475331895,0.06922864313694851,0.025898613700856422,0.0
,,0.2668478902666629,0.11284428268921665,0.023156586241945522,0.0
,,0.13173756040243473,0.11686277323581405,0.02042173258297456,0.0
,,0.09804619870177164,0.08608336291735859,0.022725704892999056,0.0
,,0.1383951134601147,0.13146215459929952,0.011024106658974058,2.0
,,0.10216801843977531,0.11485448619464068,0.018952981111423964,1.0
,,0.1589722233703108,0.08340357595491434,0.018731852259941426,0.0
,,0.10964565618127539,0.052531088117087656,0.01946153283175778,0.0
,,0.08036997251197232,0.09162378868171317,0.00691008264349952,2.0
,,0.06711950669794248,0.041546458502994175,0.01021605798806801,2.0
,,0.3430908994046509,0.13375040538534824,0.012095407508325533,1.0
,,0.07495442104177676,0.039230990565319035,0.006777204828741561,2.0
,,0.12977228564756405,0.08604105989409724,0.014685226933787206,1.0
,,0.2120457631685472,0.10575688665957055,0.024986254273294213,1.0
,,0.06895209157503411,0.1106260177953711,0.014358339770594256,1.0
,,0.06896343663028558,0.08022238463154055,0.022573283617590194,0.0
,,0.11695405665084913,0.09325747129689392,0.02120426906061569,0.0
,,0.11303799919169431,0.09579150442194802,0.018954700332447696,1.0
,,0.060401087917838325,0.08851848764123446,0.02465055009046464,1.0
,,0.1881424024230411,0.08222466333026086,0.0046751355242644526,2.0
,,0.08528280821581662,0.03441100800691682,0.0082830593647551,2.0
,,0.09592806337549996,0.05446378550306052,0.004910153673036355,2.0
,,0.09321492006761779,0.06831730599071198,0.02415693956606526,1.0
,,0.0408367110741507,0.04105669298088706,0.008555209402682578,2.0
,,0.14693711298854908,0.09734019094851933,0.01489602958543568,1.0
,,0.09027088689981659,0.09121604477145333,0.019915987978429982,0.0
,,0.0988911408952999,0.0702351695693413,0.010041298214243443,2.0
,,0.13740407843484698,0.09908377591959905,0.021277315675732905,1.0
,,0.05384414956052111,0.04509434887066904,0.009049490816268525,2.0
,,0.04912560743072749,0.02326444489487939,0.010267202345967584,2.0
,,0.1562490709283978,0.19355370269253738,0.015932358237104653,2.0
,,0.15739749803298525,0.029605465914000578,0.005781348665974237,2.0
,,0.04280686188226709,0.028535184849877025,0.009668330148913575,2.0
,,0.03603923687045414,0.00980202922230547,0.012351890306896677,1.0
,,0.1597717649459622,0.1980321916077067,0.011927980723151271,1.0
,,0.034127168535949326,0.02866362769088213,0.010480653271334689,2.0
,,0.16971863963960102,0.10903061466711056,0.0258197504402332,1.0
,,0.06602481592448455,0.03919700258671468,0.017855036398848948,2.0
,,0.07753472801892644,0.058719677701579105,0.022999739930847318,1.0
,,0.08247625830846,0.01426790308192779,0.004243058107210779,2.0
,,0.10326505864620672,0.08881358777078689,0.012015660416927356,1.0
,,0.1265373065869891,0.15279591259432393,0.030993889881212277,1.0
,,0.02002747706292204,0.015762643745686807,0.006838522360959104,2.0
,,0.06448784997204018,0.059580689074559615,0.017469876801892135,1.0
,,0.19500649014592947,0.09678533399264296,0.018517534399950204,1.0
,,0.032746399586823606,0.02332578726058253,0.008821771061316958,2.0
,,0.05600370150871399,0.06847652942259772,0.02443965462557093,0.0
,,0.08943756086092719,0.0948361910388838,0.026090278958812756,0.0
,,0.09665811012635604,0.11028839490364883,0.021125064932662745,1.0
,,0.13125054368999045,0.09666396237922456,0.01528021533978438,1.0
,,0.10213119572217266,0.07002205096933099,0.016338941895660652,2.0
,,0.020384158650207203,0.05832096919527456,0.0059727050517521035,2.0
,,0.05797889926189855,0.0700323162580383,0.02054286579026143,0.0
,,0.034120832792768244,0.057579465992025104,0.014472818272622489,2.0
,,0.08956129170791652,0.07990023385515373,0.026346710919965814,0.0
,,0.0748023716135961,0.08803179254296006,0.01507340131698818,0.0
,,0.15410710083881712,0.09663572527220587,0.021711895147511102,1.0
,,0.08921723041338739,0.11700947636701038,0.019939386194534375,0.0
,,0.11127183784580312,0.057370255742418136,0.022704067755666142,0.0
,,0.29242663864092555,0.14173254824865278,0.014029933941119663,0.0
,,0.08931624670265649,0.05794552983054192,0.01529440493093103,0.0
,,0.16841312985337756,0.089492813966257,0.008791860248914471,2.0
,,0.09040977971891982,0.04367829509595322,0.007986741539451789,1.0
,,0.09551558125141638,0.06520096017498414,0.009109362320132673,2.0
,,0.13601406176809344,0.05347271203102809,0.02421945094566131,0.0
,,0.07246493367400833,0.058988239415813715,0.01296562437554797,2.0
,,0.12617643524578856,0.04612109386334161,0.005773279990542294,2.0
,,0.08941980967982506,0.08647680568660171,0.017693471384800052,0.0
,,0.08826137662548504,0.06717352851614611,0.027186085719503445,0.0
,,0.1710689613104386,0.10735227506838455,0.023348622378688476,1.0
,,0.12565548717372862,0.09954152903639105,0.030452059575992393,1.0
,,0.10094684325531356,0.08763915077298683,0.021542284155474774,0.0
,,0.04601087934135774,0.06063177177279426,0.02220060906685636,0.0
,,0.04442984466365474,0.030680779396566483,0.007675784950195079,2.0
,,0.22186734053298318,0.08750006286637418,0.01594789490129834,0.0
,,0.06727570491404948,0.06431139247766537,0.01439437271201016,2.0
,,0.06033000823229523,0.09993360736891485,0.018195016697926884,1.0
,,0.09288493001778433,0.046089307458851786,0.0062338639023229395,2.0
,,0.09824083279196692,0.07603987357047465,0.01935339243961351,0.0
,,0.13976414894775993,0.08218404174752017,0.02633563765777483,1.0
,,0.2110838948346153,0.05790068914458266,0.006449741065808304,2.0
,,0.05899275270013636,0.10341011814526554,0.020158806766259602,0.0
,,0.10035133770807839,0.0760467859605659,0.0065366099157139375,2.0
,,0.459397501837881,0.10666813963919528,0.020599122245597696,1.0
,,0.08411668057718018,0.04190820096627079,0.010002990979392704,2.0
,,0.09297082804613993,0.03231683522126142,0.006484696114205483,2.0
,,0.057123418566961875,0.02706727889332735,0.009203496751888607,2.0
,,0.01911406583783927,0.05780124879918341,0.0063824723694999655,2.0
,,0.17163748545025764,0.0825293101595647,0.011250972379314906,1.0
,,0.11043134528536282,0.02537789176754129,0.008901849716352096,2.0
,,0.1813757072176771,0.10203654039154086,0.015207462267158139,1.0
,,0.07251896402976746,0.04252025502021167,0.015544688942109733,2.0
,,0.11459805431046495,0.07741739590411495,0.02250168059950816,0.0
,,0.045683361152833474,0.046946192307888886,0.012122001143788915,2.0
,,0.1627725245911491,0.2153690530512416,0.013820623443258262,1.0
,,0.12572079474199177,0.11948609382676856,0.03112513774294063,1.0
,,0.1446462376727775,0.14273919438298538,0.015661906112943304,0.0
,,0.12127778699197389,0.08076902805011117,0.008839315793089997,2.0
,,0.1590513321695303,0.07108036063971081,0.008197976535153232,2.0
,,0.08922905432281598,0.09938116016881139,0.02186097019946348,0.0
,,0.1108259808103891,0.07025070159018716,0.011812419245335085,1.0
,,0.1256505894209234,0.0880304244117727,0.02423857683460035,0.0
,,0.07327331092335539,0.07245043102122624,0.01982665769030715,0.0
,,0.07723076821258346,0.04291715241954349,0.007519750027339577,2.0
,,0.2171391208571635,0.10312680406825538,0.021576242048084376,1.0
,,0.07471468077475035,0.09039747779551012,0.02779873195020056,1.0
,,0.09144447516131451,0.0790780095865567,0.01819445651359519,0.0
,,0.05728247988521984,0.09137110984508527,0.01918025163007182,0.0
,,0.0843805550485824,0.044570225381922866,0.013376636074271508,2.0
,,0.09701638567973109,0.040625717648605904,0.012989424427183534,2.0
,,0.1145449045183266,0.05984163055867407,0.007466651990326584,1.0
,,0.1752211836930708,0.09507198989904886,0.01300240613504031,0.0
,,0.05322028973665473,0.08952365679925586,0.012246881232476248,1.0
,,0.17800338295894988,0.11888850115112194,0.014590448073539982,0.0
,,0.050191564634790374,0.06824281200222045,0.02015962643402812,0.0
,,0.19032018391435035,0.13263792473539646,0.02443044927379833,1.0
,,0.15315802461980346,0.1272928982817213,0.012685101359759322,1.0
,,0.07007958858962063,0.04039690564850633,0.028759806356627764,1.0
,,0.14948782202920802,0.10423820502769429,0.020604301076141137,0.0
,,0.14224006694444513,0.10203635457967034,0.020023270944321294,1.0
,,0.109460091362392,0.07380166459276023,0.02570148535370802,1.0
,,0.09695407103901332,0.13850467421401605,0.012020360273365545,1.0
,,0.07797571765810532,0.07957874545752726,0.022421788667172565,0.0
,,0.09303809480328432,0.05867872605386768,0.015400784005823905,0.0
,,0.0426024862958367,0.014282033556380363,0.00626162277995544,2.0
,,0.0639697761143234,0.07713761459500065,0.019494884301482822,0.0
,,0.16216430113734248,0.14702972674211967,0.014510197464221592,1.0
,,0.10713975050213899,0.09519684121260308,0.02080040570975736,2.0
,,0.09814407682438979,0.10649872907015351,0.017731395889304457,0.0
,,0.0494049767726823,0.04201635121960457,0.006276687618369534,2.0
,,0.16029256476380194,0.13990060338568602,0.014276980448825638,1.0
,,0.07903538758157302,0.08079175978500643,0.02299535930792291,0.0
,,0.11875625273146972,0.11846232744422155,0.011642649044483323,1.0
,,0.06022740214605052,0.07117888281908454,0.012582896162231556,2.0
,,0.03659689373579428,0.06494262260878852,0.00759043269424903,2.0
,,0.10180365892742235,0.04831766905729559,0.008003838116462651,2.0
,,0.13065673027453217,0.18006428895270996,0.022772380793462357,1.0
,,0.06674687596826737,0.059712997097779746,0.02055309896166309,0.0
,,0.10640089821898577,0.07641106385723927,0.010490954098202986,2.0
,,0.18519850663294707,0.05299315317520903,0.0064620197278737685,2.0
,,0.14639932712617015,0.10381660670860622,0.02713018500326652,1.0
,,0.048168889378503735,0.044289053334241664,0.009968462238376732,2.0
,,0.12216732201808153,0.07808585248725262,0.02003946934357246,0.0
,,0.06706420213254882,0.09851716505962503,0.018018039565883673,0.0
,,0.05341034265906454,0.024495758064889517,0.007820135583231698,2.0
,,0.22503464475002172,0.12442090671507369,0.010806633053283402,1.0
,,0.06412922507508602,0.06452088391750475,0.006982240558351088,1.0
,,0.04186023711993421,0.02545003480782615,0.0061492272590432905,2.0
,,0.1670335434598343,0.23163093386959527,0.015593878126705277,2.0
,,0.15939099904621715,0.08509970243982215,0.020243157333400177,2.0
,,0.052366302147625825,0.016458927428277224,0.009914609458675384,1.0
,,0.2148557253698286,0.12588016286680864,0.01997915708720071,1.0
,,0.16129579138275082,0.0438000513346584,0.016322229552014234,2.0
,,0.09987797697484353,0.11975286606213792,0.026929286499825438,1.0
,,0.07897373590748662,0.08482657745648323,0.020909126538073648,0.0
,,0.08711776980522513,0.03838038703776521,0.020241747692927876,0.0
,,0.09654581180536526,0.061336347144248626,0.009633368773842346,1.0
,,0.11676943671424253,0.18566593757041777,0.015600569868949764,1.0
,,0.08844011763348839,0.05485664897579032,0.006941024246472542,1.0
,,0.23254378640128612,0.1312770159564602,0.01442086844378959,0.0
,,0.10871874102524348,0.07451430708493133,0.021260551127631293,1.0
,,0.12345522805892353,0.07605816347058231,0.02170954715063947,2.0
,,0.19976414509255844,0.09061252559298555,0.021829490441988446,1.0
,,0.0820472133115136,0.0872656640112606,0.020289111657591057,0.0
,,0.10794737158717793,0.07237211184968008,0.008237343918671808,2.0
,,0.07370595387920635,0.04535862228213652,0.013390648931238069,1.0
,,0.11550884123526378,0.08746863088909775,0.019330225436990686,0.0
,,0.220460804693197,0.1260678239856692,0.016320346325777207,0.0
,,0.11166745076613895,0.11338004298495415,0.014585384755083364,0.0
,,0.05877000572295828,0.05294031180116083,0.0064235228693417055,2.0
,,0.07904550297474819,0.08596816485085952,0.02285536800205532,0.0
,,0.11814796584144488,0.11430464511874586,0.030358770737849965,1.0
,,0.1254912868689807,0.12688233051835446,0.027078064093290253,1.0
,,0.08597478997717392,0.04524011000230946,0.012876195566388794,2.0
,,0.08379578750704514,0.09023689239494143,0.015804112067620845,0.0
,,0.07566587903808367,0.07975563380545304,0.014434443564151123,0.0
,,0.17113278843967356,0.1495842891990131,0.011862617862529234,2.0
,,0.12639722281308305,0.14186295564323345,0.017738676481362216,1.0
,,0.07157738034606731,0.02374609455185833,0.0108997110582007,2.0
,,0.13262138096752457,0.10773371221419237,0.019623743547639936,1.0
,,0.14344497247589044,0.08809121958393683,0.025011444210213545,1.0
,,0.11271350925779451,0.0918193730128222,0.021376184151084898,1.0
,,0.0735821778222016,0.11271809288330817,0.020666931116241245,0.0
,,0.09220910220401796,0.10110838468483671,0.014965038407920659,0.0
,,0.17018826025675318,0.11024644881383225,0.02592352317359756,0.0
,,0.10484456428411651,0.07996706339210974,0.02177150664225687,0.0
,,0.035193689131925256,0.03102579655451418,0.008693067004992379,2.0
,,0.038941377418973876,0.04527896679616885,0.009008489419995653,2.0
,,0.06397340437737044,0.07400971076949277,0.019704399984014107,0.0
,,0.09338065298217577,0.06997675900314514,0.011642160671313967,2.0
,,0.04958490203220419,0.03848294761618832,0.008782147026192996,2.0
,,0.08944558115209811,0.07475676760509208,0.01812643482875776,0.0
,,0.07237118118280125,0.04245692864064898,0.020383751604746845,0.0
,,0.09390387971180351,0.1505978203084318,0.02077861611301504,0.0
,,0.07955697830435203,0.08650213868262291,0.024504220260336287,0.0
,,0.0873794643359499,0.042539994809379415,0.012598036431612553,1.0
,,0.09295854169121039,0.054416985883713506,0.016986717191366105,0.0
,,0.1622991077511233,0.08416658564182494,0.024213728970893918,0.0
,,0.12074375249358843,0.05647316895394721,0.02377592051808854,0.0
,,0.17319403889263835,0.09801398128747302,0.021978168537891463,0.0
,,0.14253211305226432,0.09581946380708868,0.01588318054166136,1.0
,,0.13366010263247463,0.12586975089667107,0.019174888993212468,1.0
,,0.1701835929029351,0.1268245622130772,0.020119396967265356,1.0
,,0.247372082905206,0.14585915127596838,0.00918850045578815,1.0
,,0.04726109423175127,0.03930827936259236,0.006797754748811797,2.0
,,0.17097963893015375,0.05922960854853569,0.007670760422000341,1.0
,,0.14339993388738068,0.12013044464439067,0.01879593119560554,0.0
,,0.12415492917727336,0.10624984461345544,0.017065196007409748,0.0
,,0.11126503168523169,0.11329855882831585,0.02060034004298774,1.0
,,0.08179739504059827,0.052914905887888296,0.013339341718355793,2.0
,,0.18857513800170492,0.12613933553889162,0.01933112514049625,0.0
,,0.04389784387794772,0.07717769339048944,0.015011839229769808,0.0
,,0.1662734858121445,0.19491131167282805,0.013596531568412224,1.0
,,0.12745244349330556,0.08743137588125194,0.024032008221289775,0.0
,,0.13336542025152925,0.08250241553077459,0.017300579052253653,1.0
,,0.111305654445058,0.07078204910225476,0.02178058312077101,0.0
,,0.05516784724476939,0.03604114390596399,0.01048533280470767,2.0
,,0.14366451286292406,0.1021088433690274,0.019876208999046654,1.0
,,0.04099402018803335,0.03477434076884466,0.007419476540268077,2.0
,,0.246941509351343,0.09055212995395581,0.018568709525299872,0.0
,,0.10907037527231314,0.117149094548493,0.027005962594570904,1.0
,,0.0968040990032375,0.08102283964706924,0.02366142296842808,0.0
,,0.1641686523522959,0.0708298754422966,0.01816715712773886,0.0
,,0.13428154110017448,0.1098546099549784,0.01730913301852459,0.0
,,0.03996063478087229,0.023843505409361903,0.007998673843429328,1.0
,,0.19002235529364206,0.09711838325719734,0.021791764768299,0.0
,,0.08131064576199923,0.07850635171447891,0.0206255471483064,0.0
,,0.14432055862805507,0.1013884681826615,0.0297640627855191,1.0
,,0.07494335860271512,0.11910055832098936,0.024477944065702525,0.0
,,0.1071089344050728,0.09145109465487314,0.01784475465160571,1.0
,,0.07812774440119773,0.06924757316271017,0.016333934542594998,1.0
,,0.10348180274275179,0.1446179563615715,0.025060832122501688,1.0
,,0.1009706952628455,0.12991331580190735,0.02102877262564214,0.0
,,0.15790826088877186,0.08428742545765916,0.02120109275988781,0.0
,,0.09531259119158711,0.12883375226990074,0.020245233714698958,0.0
,,0.15231784401304443,0.04803490528840216,0.0060288074497995905,2.0
,,0.11542276786440456,0.0796726507567803,0.01988427812695211,0.0
,,0.2728926572408153,0.1509099342508212,0.026539012003133956,1.0
,,0.11934017505017798,0.11792860790470444,0.015964115944011335,1.0
,,0.19119939318443957,0.08104571082957965,0.022799691692603333,1.0
,,0.0893163069470562,0.06464756742178994,0.009324053923735531,1.0
,,0.07708181392432838,0.03275413403777981,0.010858373753167935,2.0
,,0.10132255431694531,0.09461695645781214,0.0171968660340616,0.0
,,0.20227122601494604,0.14200380310665023,0.0136038975758454,0.0
,,0.1451104400547964,0.11838341429020588,0.0206490359909581,2.0
,,0.1780547993165481,0.130502586802444,0.012894956709864786,2.0
,,0.311396019878707,0.15000704490883748,0.009709885742537476,0.0
,,0.13750387830338098,0.11755248097359025,0.009571432992647696,0.0
,,0.14164978675243486,0.06038336011997398,0.017345021448984442,0.0
,,0.09343480986505785,0.06552533845157699,0.01992738465727238,0.0
,,0.0376762659688171,0.025362047837393716,0.010677385117331073,2.0
,,0.08877432093733081,0.03963360192901686,0.015650102357109685,2.0
,,0.12546846665650155,0.0785230161279231,0.015799131589156,0.0
,,0.11936839247815773,0.06922774801009293,0.018800129087082205,0.0
,,0.1336000585088909,0.10145789003874814,0.024776857588917102,0.0
,,0.1830298474778784,0.04996264571196252,0.009200114205085451,1.0
,,0.07867509506978919,0.08136845093508896,0.020097593134376205,0.0
,,0.1900972249713567,0.12211201009645117,0.02477979689838415,1.0
,,0.1176342541089626,0.10720703584206784,0.01654923767333522,1.0
,,0.04870923382378969,0.11294972770498611,0.02358000988263959,0.0
,,0.035058977464661974,0.0795626911233857,0.01914959107713177,0.0
,,0.17168877390422116,0.11255803592821108,0.02150384329271298,1.0
,,0.03840439518534216,0.015737112022726592,0.010703816009674209,2.0
,,0.14067953521269486,0.08340477209827828,0.0217058902963215,0.0
,,0.1577460090893045,0.035342737214746185,0.007604120696176632,2.0
,,0.044058689519793935,0.057899946405807874,0.022509236307175096,0.0
,,0.03600185800540256,0.044594149341196564,0.010900852160758891,2.0
,,0.057828057784798756,0.06550219424536337,0.01931488968060686,0.0
,,0.11216707759864095,0.13808171752909015,0.021210114204263733,1.0
,,0.059756075380630935,0.08810421014324656,0.024159033295528737,1.0
,,0.10025305564766138,0.06407891635090252,0.01606512436629405,2.0
,,0.05104268956984846,0.02641983154570251,0.008682260946410026,2.0
,,0.22826263449258866,0.20632333025386135,0.012075184393479063,1.0
,,0.09833275237997109,0.10352835532147628,0.026852262045149317,1.0
,,0.08131190610652153,0.05860707872504033,0.010751344459006062,2.0
,,0.07718499664322713,0.10497925860742893,0.023153561794661524,0.0
,,0.09121511239755763,0.08269022425180553,0.019708118471431422,1.0
,,0.095003021055768,0.1422533270392155,0.022473376608311068,0.0
,,0.22116781478731445,0.182245809999997,0.024411052050486267,1.0
,,0.0958113303152597,0.08679031749590235,0.022907143131019218,0.0
,,0.03418482891834157,0.017778434630039537,0.013460597792993202,2.0
,,0.06829401195245877,0.03243431462433602,0.016007467496271088,0.0
,,0.14422499800141164,0.09677936120948245,0.02555800383947901,0.0
,,0.08453718696593882,0.12699706370716707,0.00886206042014042,1.0
,,0.06531157987861655,0.04332441644104851,0.0062161449879906665,2.0
,,0.12458241949317864,0.09323919188352853,0.017676663283329255,1.0
,,0.041565914598513026,0.07398030483242923,0.021704227083251003,0.0
,,0.1383951134601147,0.13146215459929952,0.011024106658974058,2.0
,,0.07582617487919713,0.030850720882408433,0.00692099424920399,2.0
,,0.07277838962017341,0.08063312113012702,0.023795898044403536,0.0
,,0.09010000610182058,0.10121514748770323,0.0166631489664077,1.0
,,0.10266529746051964,0.0509350950228195,0.008466254407963184,2.0
,,0.12001217665338923,0.08329712474786699,0.013515851857589788,0.0
,,0.026694285457760432,0.01282363482980998,0.008851750861241693,1.0
,,0.09812690952328237,0.11832325486266282,0.01983640191008085,0.0
,,0.061831285219768994,0.06969226029346837,0.021818295695548117,0.0
,,0.0740232318922029,0.09412406396279774,0.019476642351987105,0.0
,,0.1065439783715917,0.11630053353997664,0.02617377152881873,1.0
,,0.034203066423878076,0.03696875151433162,0.011468073709167064,2.0
,,0.0928249105054746,0.04535413764966306,0.00920456395091694,1.0
,,0.09655616598981633,0.05670634485618824,0.01730624888800604,0.0
,,0.260523750263087,0.11952766081565061,0.023251503476472275,0.0
,,0.10952964161041956,0.09947173059768731,0.0217065676445285,0.0
,,0.07628474952215353,0.04429310069984207,0.018059723702803128,2.0
,,0.13373382023399616,0.1271474822387741,0.015362783053564533,1.0
,,0.1805474134570601,0.10378082102712823,0.025869457104347765,1.0
,,0.044247937945976853,0.01198846578425498,0.010786841711889275,1.0
,,0.07701752845984358,0.052955271532648535,0.015092113490281429,0.0
,,0.044405509684756275,0.030617159201631505,0.007392999359703781,2.0
,,0.1041439889483973,0.0736055791247346,0.023481315085018613,1.0
,,0.09452213409776358,0.10224932432975954,0.011946692240658884,1.0
,,0.15759271636643496,0.18551342462530365,0.012752979914314986,1.0
,,0.11548879433628559,0.07057343710811331,0.017190786129768154,0.0
,,0.16961078618892092,0.10827428150214273,0.01514029041583407,0.0
,,0.11352367557799092,0.10046542467705798,0.017024509938535586,1.0
,,0.04748177374573241,0.03614162822736755,0.01037411456992254,2.0
,,0.1116310785755103,0.10583925049663558,0.017258241836553733,1.0
,,0.16520449988939737,0.10545343789442681,0.0204424740015324,0.0
,,0.12562262174290625,0.027555453295882014,0.005016636204456638,2.0
,,0.0472238521541722,0.049702528160237916,0.008804716362996012,0.0
,,0.04572498451029383,0.029906903875864563,0.007212238292505049,2.0
,,0.1052684915231346,0.03700439149369703,0.007054761689448664,2.0
,,0.07477120217693393,0.07554412035460721,0.0170410155676341,1.0
,,0.04296017567780424,0.039077932156098096,0.020322192951638587,2.0
,,0.09319592868966955,0.0690785468687561,0.023695783748475568,0.0
,,0.21019811386860643,0.21520247136011011,0.006123829952210564,0.0
,,0.05661556785015193,0.035233685314357485,0.008408047416514353,2.0
,,0.03277461642452566,0.04490071652623379,0.012383605751420342,2.0
,,0.1067276032569621,0.11504795415487118,0.022947711850758515,0.0
,,0.1314001524350703,0.06554727771452883,0.01752199407512222,1.0
,,0.08527444186197902,0.034125260592464,0.005282253794944709,2.0
,,0.14721710004613442,0.10710265740435045,0.02160591051113597,1.0
,,0.17292330306127499,0.19378001139556122,0.011528704371591834,1.0
,,0.03691204795694362,0.06742057853141839,0.011197640340859858,2.0
,,0.09541055987072934,0.09713357585206304,0.020823052448759417,0.0
,,0.06373834616990184,0.052700492082943265,0.005971258384592334,2.0
,,0.09269463110537915,0.06653061428620458,0.018032158620002577,0.0
,,0.07944471872159334,0.07000221642748386,0.018087194580798126,0.0
,,0.14390032846469944,0.07521851826600379,0.008903886793097695,2.0
,,0.0950747680310755,0.08146984844939946,0.017117321919269502,0.0
,,0.1059482431929114,0.03216046479851938,0.005233506218442057,1.0
,,0.2382904749423504,0.20241121209747812,0.013597431395040176,1.0
,,0.10871786437064995,0.03508559545386902,0.0061943382938602345,2.0
,,0.08914263240942649,0.04609264828390026,0.01360029555509341,2.0
,,0.08655797627022653,0.10088045130251383,0.019599691543464113,0.0
,,0.043761610676449084,0.05252186182835411,0.007051476280432465,2.0
,,0.21478656258281503,0.1173471952939693,0.018928092803313545,1.0
,,0.04035210185562972,0.0318342920390092,0.007895987398811607,2.0
,,0.15100358647312118,0.18956534657242116,0.014707605143626715,2.0
,,0.022681576631823543,0.020100358222658384,0.007654355486820437,2.0
,,0.18243962598326363,0.16510464992675825,0.015335040814265786,0.0
,,0.10966863352448286,0.1023965003582841,0.017298734158050926,0.0
,,0.20597059525114086,0.1335950048452812,0.012743277094615264,2.0
,,0.15778168558905495,0.1590511167941728,0.022506628531156765,1.0
,,0.05507035471742404,0.10449751853488759,0.02419128771429498,0.0
,,0.16313487157585457,0.14550692399329462,0.010103688285367438,2.0
,,0.09849231441798695,0.042008877495493716,0.007782277082172514,2.0
,,0.05690077149147547,0.02933023388699818,0.014053671090893389,2.0
,,0.09486139423874233,0.011946802442668785,0.009232206954508273,2.0
,,0.06855599354872166,0.1131485454639588,0.024492973237319977,1.0
,,0.10343848541912078,0.11012156529279717,0.031129317845347757,1.0
,,0.06385476334055233,0.05544768234770717,0.023910550163051946,0.0
,,0.11288298492251861,0.07448305076673442,0.018412664954074957,0.0
,,0.032354490397808244,0.026027058645016633,0.010757575946184221,2.0
,,0.057261934212238325,0.07556399812293552,0.022761799811040862,0.0
,,0.10056713134303584,0.0762382166422881,0.018357305119148872,1.0
,,0.11993617233837733,0.11763539331462132,0.021405087428322405,1.0
,,0.14795532794151928,0.08854928381378238,0.016872877298812892,1.0
,,0.10463055215463433,0.0871548749370237,0.020816990757901607,1.0
,,0.09992120645952068,0.08007009060490616,0.020517956226706227,0.0
,,0.12585416664328036,0.06729867726998712,0.02065301424528576,0.0
,,0.1481981862231066,0.07190983182444027,0.02245056541632922,0.0
,,0.11201375913728293,0.0909351061384613,0.017984786006155346,1.0
,,0.13959886432106594,0.047526136499910124,0.008673261069978525,2.0
,,0.1776527106828873,0.11425582629633588,0.027520002099978843,0.0
,,0.07686171685370924,0.0973913770420094,0.022320663705945917,0.0
,,0.04762707147769452,0.01729640833857604,0.006162129024431273,2.0
,,0.13848815306682746,0.06810820901676727,0.006495375418175463,1.0
,,0.17641615908610564,0.07767982318089506,0.024612218369372562,1.0
,,0.12662246058368462,0.0709968886775424,0.01930437627695748,0.0
,,0.05328283106415358,0.11208007993446292,0.025946648792125073,1.0
,,0.05074158811111023,0.05256797523730067,0.012147735613046662,1.0
,,0.11579937957202628,0.09811022551763256,0.018988880711535937,2.0
,,0.07725575238238439,0.052687129540649115,0.018251532034774812,0.0
,,0.12255840475164426,0.0962193685776179,0.01741593086828753,1.0
,,0.033037123137668795,0.03262710324398791,0.010234406469296152,2.0
,,0.14625403502688789,0.21921813487095465,0.013627210347928053,1.0
,,0.1370212315949243,0.13587933683348935,0.018948701843797024,1.0
,,0.11944783468821903,0.10009950347141738,0.025442955724325027,0.0
,,0.1058571508090211,0.03828742357264459,0.019978643252365896,2.0
,,0.17310650592890228,0.10300853993290088,0.02158326599330161,1.0
,,0.1255765393229764,0.09360940086422098,0.017517189132261843,2.0
,,0.14799842905388588,0.05878556395691145,0.010377204991606662,2.0
,,0.18601884248457956,0.09471625279679809,0.007200904002584689,2.0
,,0.03468595608426349,0.017641994623512965,0.007319978771704687,2.0
,,0.06589806002464574,0.06673379547614014,0.01545500907569855,1.0
,,0.09591079022438939,0.11919839947107953,0.02489723494313164,1.0
,,0.11598813666311711,0.06196571581207338,0.017440496145040525,0.0
,,0.213339301099189,0.08737965632044539,0.019822389611209135,1.0
,,0.0964329403501205,0.10584573922430726,0.021796238861090885,0.0
,,0.2881150246022167,0.13503517222568492,0.025566503114815987,1.0
,,0.11091438710897522,0.10241389758930208,0.02444596827875222,1.0
,,0.10054311117105724,0.07277170117109427,0.01586241718444551,1.0
,,0.09962783739211414,0.0968058371485788,0.02046057487916675,0.0
,,0.07590016837388197,0.06859349055052036,0.022528900998030756,0.0
,,0.11111556121416943,0.05708499873698142,0.014432024931306593,1.0
,,0.10724144208831994,0.13415860901526666,0.026197378572198577,1.0
,,0.10740808907344492,0.1861968113409557,0.017662150137280896,2.0
,,0.08715407934363137,0.11810033628148708,0.023874649494501625,0.0
,,0.2054939133615611,0.10921092588309576,0.02440216559944839,1.0
,,0.050339142182977276,0.05587704841153126,0.020944945465371387,0.0
,,0.08337983458899563,0.053532277304096015,0.023886527651757344,0.0
,,0.07830892105465116,0.08012401356060406,0.01881049435376485,1.0
,,0.0578236464947509,0.03055891059991605,0.009054077206704703,2.0
,,0.19660759427388352,0.12298209248125885,0.022092649278378736,1.0
,,0.21696431742593364,0.13210911560586494,0.022999095258589893,1.0
,,0.10312381028915826,0.1136029126574792,0.02373159537730712,1.0
,,0.06271126028749494,0.061547623185227864,0.019876865167766235,0.0
,,0.1585271007651377,0.11586749994183411,0.015417519497474646,1.0
,,0.22643681661169213,0.13846789271123092,0.01086542440261701,1.0
,,0.13433973406460362,0.12938530716536176,0.023486878295497192,0.0
,,0.059620049954936305,0.0859422475705967,0.007477107909861598,2.0
,,0.06222484865639566,0.13993709937900764,0.025890628350725513,1.0
,,0.05469565962841276,0.06638731182567381,0.020005936177981038,0.0
,,0.04599725254794401,0.053827328525064146,0.01016854194991591,1.0
,,0.08508466804555323,0.021057524563747695,0.006634224487808426,2.0
,,0.14511635854569932,0.10096452403735047,0.0217969387379189,1.0
,,0.20018305245447282,0.0748179091185191,0.009394994626555995,1.0
,,0.1399774248640042,0.0964709287503272,0.018135160335669195,1.0
,,0.10509769173692235,0.04683839144072226,0.013592260023275965,2.0
,,0.1521239186162081,0.07533684001849769,0.021531812036405303,1.0
,,0.13190871120153647,0.10027364524598498,0.02715739545838914,1.0
,,0.0810362924293066,0.07920749142460927,0.019089483502500067,0.0
,,0.08190807875577708,0.06746950970856419,0.01952682531398801,0.0
,,0.04635210228049602,0.06138130976967734,0.008126011327990094,2.0
,,0.1112509501328394,0.059709020365962394,0.006381213835500688,2.0
,,0.11432450298398757,0.028217991753335094,0.0036571840984795556,2.0
,,0.18684683228642276,0.17009746828223882,0.014039829680530577,1.0
,,0.17745417054080426,0.10906384001353532,0.019186493935591856,1.0
,,0.06955423421822317,0.03903323866298698,0.010344499472848333,2.0
,,0.12635338652915185,0.038821789402751494,0.005091945802532879,2.0
,,0.01829421201810034,0.026575616879096042,0.010624365084051462,1.0
,,0.03486025022735877,0.03463004555860716,0.011060775940901588,2.0
,,0.0974917578502142,0.07373613193470553,0.006503297063468807,2.0
,,0.14411167867059263,0.11230748379324083,0.020685439017797427,0.0
,,0.07898773368691167,0.06595021034260223,0.012419265955577807,2.0
,,0.16823756601960166,0.13969878185516302,0.008460953961555506,1.0
,,0.14303979551165114,0.080821038891686,0.021622372054225,0.0
,,0.16637393962388514,0.09725484308942052,0.018576886893468567,1.0
,,0.12284273398264177,0.10590883467782583,0.01797584844410795,1.0
,,0.05481068208550292,0.0711168506108888,0.020982577332509217,0.0
,,0.055277706468364836,0.07377161297167156,0.0067687164216755896,2.0
,,0.08617835386500716,0.05932365795918167,0.014273489681034885,2.0
,,0.03454496046371995,0.044867601769623656,0.006974875693405637,2.0
,,0.12026550875759609,0.12352722498899074,0.01401166917196433,2.0
,,0.10156191249570551,0.03863843464062158,0.0057752610996812575,2.0
,,0.0942012066807151,0.12293346480035311,0.02781305381508607,0.0
,,0.0878311805532131,0.06456903888116805,0.02385714834064679,0.0
,,0.11002540786585976,0.06756264225844144,0.018153751958762215,0.0
,,0.06591885339602666,0.06695095352764285,0.013672757833013431,2.0
,,0.10914789349767064,0.09142976649880867,0.014216315108827355,1.0
,,0.20973794124710599,0.09889600474876041,0.01973617425023379,1.0
,,0.13351641236219433,0.12052663558141802,0.02952702430601699,1.0
,,0.11291349952519439,0.05937300681877267,0.007726886160895482,1.0
,,0.14020880664606994,0.09500164674102571,0.028988724373823584,1.0
,,0.18728119188529257,0.17246872898313206,0.00959773513311205,1.0
,,0.25107149829746617,0.16334350315608515,0.011805002942707303,1.0
,,0.08894982966470105,0.0928909186291905,0.011065712524248027,2.0
,,0.07706696391561446,0.03247882018909442,0.004252418972554567,2.0
,,0.14525516294211638,0.08915939788655075,0.02347576647145766,1.0
,,0.1333699233403477,0.07199271165291561,0.00983475137009094,1.0
,,0.04605519199354519,0.020167110368959882,0.009556520208377809,2.0
,,0.14252646430038107,0.10755080103089094,0.025118590793614483,1.0
,,0.09930424616522196,0.10644583199675624,0.019856891732249346,0.0
,,0.12884560615176682,0.08084568179846202,0.02135518340703007,0.0
,,0.11961403733855092,0.11538726847405435,0.024666854558542308,1.0
,,0.029298279814218158,0.03387171861391204,0.008086328161274145,2.0
,,0.1562740923842373,0.15939967378340164,0.02438968283509559,1.0
,,0.14378403723521102,0.08816545184534677,0.019112456927644954,1.0
,,0.05908029149728293,0.10184974994924952,0.028441047430570632,0.0
,,0.17593613172995753,0.10425380950499097,0.02496756403075935,1.0
,,0.15816283175836576,0.14491917779516128,0.015250343040089393,1.0
,,0.1701162953359455,0.0462466848924639,0.012204690320864119,0.0
,,0.121842651092742,0.08523815538303815,0.017537696297775286,0.0
,,0.09588095537742397,0.06645292929045046,0.0192994005722884,0.0
,,0.19760887507644304,0.12285959129192008,0.028510754046986015,1.0
,,0.0956883748346076,0.08171147885454723,0.013865154877696913,0.0
,,0.17145502351623698,0.06562063341812277,0.015073966034673326,1.0
,,0.08472654686872058,0.10081024628253767,0.020671237755538495,0.0
,,0.15350978629263975,0.18585047244269964,0.011147179901667288,1.0
,,0.05190107697203096,0.04590138381363876,0.012720446509063753,2.0
,,0.14777286996127761,0.1681611881092035,0.015291529026745273,1.0
,,0.15113746074601345,0.08358237445610378,0.014158358755739063,1.0
,,0.20595004744707876,0.09438282980577825,0.01703116499255712,0.0
,,0.25450381867705296,0.14904759247373275,0.018957672249582322,1.0
,,0.15750946530853155,0.18614059386950646,0.010677538346151686,1.0
,,0.08782210149411256,0.09844004352494429,0.01997677550310536,0.0
,,0.10351000732326392,0.07255800925207227,0.010929122888891418,2.0
,,0.11244518881431823,0.07628139546373919,0.022255895735466644,0.0
,,0.08706775412972172,0.06526242229243137,0.009008719018009651,1.0
,,0.1719748693241943,0.10223306173473237,0.0207935107627517,0.0
,,0.025408032618398888,0.01706823940749488,0.006903587963706225,2.0
,,0.045997653829271276,0.04675087165392397,0.014243619800687123,0.0
,,0.14881371309001798,0.13482459600221677,0.024150860072459,1.0
,,0.16127110317725418,0.13563202555555268,0.017920870579659683,1.0
,,0.11800443238281122,0.07566867560681714,0.01074428600694544,2.0
,,0.07282891947298892,0.10200777505719356,0.024863884127795045,0.0
,,0.07383826813650546,0.05256101859822972,0.008505272266262826,1.0
,,0.0841757175397414,0.10826224681410634,0.02164167264712484,0.0
,,0.0979521308359578,0.052877582881186595,0.020758103403579652,0.0
,,0.03964963900685778,0.02247776707542073,0.00924427885332837,2.0
,,0.2714014745018332,0.12033847054353196,0.010320433921610991,0.0
,,0.07477330743366112,0.06211434968397963,0.019160093116238088,0.0
,,0.2391352010644231,0.06732692102397356,0.023711887040570437,0.0
,,0.11345071575599619,0.059843772841599537,0.018673871654506236,0.0
,,0.03856164682693194,0.02315398198309107,0.009412232439469719,2.0
,,0.11661155543331873,0.04759368920369459,0.011670046409646605,2.0
,,0.034203066423878076,0.03696875151433162,0.011468073709167064,2.0
,,0.11772611766609858,0.06482489925589463,0.01771357429111297,0.0
,,0.11383611611640732,0.1136135595649318,0.023819883411700025,0.0
,,0.08408472057635134,0.07762478728239729,0.011865956499811167,1.0
,,0.08535556875940545,0.0981858109153764,0.013419225722926227,1.0
,,0.09291855991127579,0.10444905602095902,0.01634262620838236,1.0
,,0.10350638462976067,0.06660989006555901,0.021511256599783406,0.0
,,0.14431602691978226,0.07150634919372172,0.016702138134435194,0.0
,,0.0853952472981391,0.10273450745405574,0.018417909561378478,1.0
,,0.06435735003676894,0.06794302022420085,0.013764537355977994,2.0
,,0.0796857188341484,0.10186928722803353,0.009830167169305723,1.0
,,0.13255072945486746,0.03304204155761107,0.007491750803926682,2.0
,,0.08600081876703075,0.08028181554746831,0.008901415080491672,1.0
,,0.15420140934529744,0.1635488837128283,0.013152519944163108,2.0
,,0.07277178147608801,0.07949636191642806,0.016046984828979847,1.0
,,0.14752121597187576,0.03098712113076778,0.008179584700443996,2.0
,,0.18412751881466816,0.06416259922026263,0.006936022056728073,0.0
,,0.12232770580078846,0.05796082123578637,0.00758598553345408,2.0
,,0.08864585386033279,0.03521218417702281,0.01593415988424798,2.0
,,0.1380205146910051,0.02541593198483197,0.00543616498128145,2.0
,,0.10798719518862829,0.1220579601346777,0.020921316021687,0.0
,,0.1205773260764209,0.11438369824742319,0.01825190404538817,1.0
,,0.09486139423874233,0.011946802442668785,0.009232206954508273,2.0
,,0.045351047842512815,0.06760443105111455,0.012659491983475496,2.0
,,0.048070357932378974,0.07321774096795516,0.016533745807793623,1.0
,,0.17057944719185156,0.0889674574197681,0.015000489944226657,1.0
,,0.11850256678118179,0.16726867126156,0.028124060443781077,1.0
,,0.14730004183592887,0.09409072346057665,0.019230154028379368,0.0
,,0.18165494562434037,0.043090180474275215,0.004310255293210408,2.0
,,0.115041849185882,0.10451751308678107,0.01844527828013288,0.0
,,0.14978351239543744,0.15824507855276868,0.013875798385681565,0.0
,,0.04984276167401398,0.026502950379343335,0.00604177978295202,2.0
,,0.16817672102684394,0.1560812308951216,0.019560389515738623,0.0
,,0.14545766868720578,0.08597277417495597,0.014353205075476818,1.0
,,0.1278454673725404,0.18953010855424746,0.01570427098041894,2.0
,,0.16193577717254584,0.11001691542934894,0.007878050348882061,1.0
,,0.1006394340599594,0.0883705160264449,0.025805104765945466,1.0
,,0.10151561620688321,0.08490726251269716,0.024213553417087773,0.0
,,0.02397193547416472,0.07103904533898442,0.005685139876578166,2.0
,,0.1306476422017964,0.0750665421261495,0.01932110353493009,0.0
,,0.13048105407776267,0.15153676174297492,0.013428148132488363,0.0
,,0.09226265991767343,0.08911300692947892,0.01815407341724002,0.0
,,0.12856127090580047,0.08643499346454944,0.017614009990559287,0.0
,,0.15519053291487245,0.07246443062258227,0.0308190766861396,1.0
,,0.28460715558811656,0.09455581226045233,0.0176612722196731,1.0
,,0.01832138170952734,0.0190973215444356,0.006860782783622138,2.0
,,0.13610484508939819,0.07337518055587312,0.01466423892225713,1.0
,,0.11890151321060263,0.07012624738810858,0.028622369573764277,1.0
,,0.1338625790497136,0.1040357948799832,0.019610658525095123,0.0
,,0.15312085254627764,0.1363741870184375,0.019579273011680304,0.0
,,0.05753037352571619,0.03617404444228198,0.014500824736187865,2.0
,,0.08588099823657909,0.05964189491360863,0.019844958063152632,0.0
,,0.07067003779731479,0.062318495135911735,0.014284781148331123,0.0
,,0.17578235473480985,0.11934904637399636,0.020665335085237088,0.0
,,0.07424167825718746,0.03605434008510282,0.00882870307616999,2.0
,,0.22412243693548894,0.08350268059454771,0.018075253059978792,1.0
,,0.10854343463728323,0.09060888411794264,0.018740884282631917,0.0
,,0.17428125989208051,0.03045026355364397,0.006392185315107927,1.0
,,0.25158769400620934,0.1500527489922746,0.01079094463490414,0.0
,,0.14841328557555902,0.034021039589582865,0.00737418637101762,2.0
,,0.07944214105058597,0.06678911335350557,0.022031033753274067,1.0
,,0.18910460505507246,0.09633220538250066,0.018672422623003063,1.0
,,0.0855738789836859,0.07809889290102441,0.017312847145250863,0.0
,,0.08811317048062328,0.11095366623296349,0.017873710034372475,1.0
,,0.12735470081949296,0.11448021691121671,0.01731288771492435,1.0
,,0.09344431856859695,0.08528670620602405,0.021952902699777326,0.0
,,0.05341034265906454,0.024495758064889517,0.007820135583231698,2.0
,,0.05182907026647039,0.0761314618257504,0.01618128095908075,0.0
,,0.04686347753079152,0.04799493036829142,0.015048299956304807,0.0
,,0.20295334684712912,0.07873345439148646,0.0081182261193208,2.0
,,0.1809044994343227,0.14847253670572655,0.011648456359217744,1.0
,,0.12041298982128477,0.10485238864446396,0.02536740598995044,1.0
,,0.18084921800963255,0.11624093630178492,0.024727806502581304,1.0
,,0.04072926974455187,0.045900795240151004,0.01286283867718084,2.0
,,0.08097025009535425,0.12393519197316519,0.02111480551948606,1.0
,,0.11032982485287017,0.1071284737904524,0.0213516850503348,0.0
,,0.08430639851421137,0.1055640631473564,0.019744700165667917,0.0
,,0.19873807743627311,0.0719630242445997,0.015905992424597837,1.0
,,0.09939148875135562,0.02613825637256997,0.00536695427332673,2.0
,,0.1657175520655748,0.10338542722392488,0.02080174402291114,0.0
,,0.09832947361175201,0.1132765776583076,0.018993442299949485,0.0
,,0.08017139571463167,0.04864661447041359,0.02042515062085454,0.0
,,0.18554090862624392,0.11360366160821152,0.019559216042938372,1.0
,,0.11894446567522035,0.0552686897429858,0.012911917063141704,0.0
,,0.13180416898874212,0.05368879021744625,0.01839534041456083,2.0
,,0.12686548890839777,0.1054160251601941,0.01806200912692152,0.0
,,0.22579016470895705,0.18133614195844916,0.010574899212874524,1.0
,,0.03988569438203849,0.02709097744575888,0.00838299234442353,2.0
,,0.17768872884846879,0.19052936452870556,0.012145281350459143,1.0
,,0.12906490888412697,0.13245385981840513,0.014162638172166694,2.0
,,0.10014090044240687,0.0851065432900035,0.025627073294515846,1.0
,,0.07825880824792864,0.06024876091006927,0.020184847786901616,0.0
,,0.14918879911049193,0.033076598370494446,0.0053193045957038495,2.0
,,0.12458564499081361,0.07156155822570497,0.013338794457219512,2.0
,,0.10110443067522165,0.09736819147586259,0.021170678851789644,1.0
,,0.08497825190824451,0.07664430384444997,0.023487261336170382,0.0
,,0.10103159184981383,0.1431328449457716,0.017173669420839126,1.0
,,0.06340412524984042,0.04075333228299259,0.017236582058870013,2.0
,,0.10045877360676872,0.01843800543025985,0.0051331404599590045,2.0
,,0.09199807060251297,0.09119040526400109,0.020189610413988073,1.0
,,0.018328481379555006,0.03314190761642052,0.006964343292957419,2.0
,,0.10782083340386171,0.10001895641502816,0.023980045909563152,0.0
,,0.04280686188226709,0.028535184849877025,0.009668330148913575,2.0
,,0.11061309373013105,0.07968941555347142,0.02182949099400919,1.0
,,0.0933045477551592,0.049347402098754885,0.01664032232829065,0.0
,,0.12533961555825027,0.07709074484173371,0.01792062013604816,1.0
,,0.09538415045346661,0.08210437783562785,0.025436049143322266,0.0
,,0.10761688131015484,0.08255967047439704,0.02173009397737515,0.0
,,0.20726899941733176,0.1285054661239689,0.018843753784603103,1.0
,,0.17878732304605843,0.18632636334385502,0.010714282290932521,2.0
,,0.07410212004333348,0.08015812874758677,0.02338124086069454,0.0
,,0.10466781070601626,0.06328850425492474,0.02369353354747769,0.0
,,0.07014627769808061,0.0742474917179286,0.012255296102696264,2.0
,,0.08434093350412791,0.07610461975902985,0.011960597724065186,2.0
,,0.05516784724476939,0.03604114390596399,0.01048533280470767,2.0
,,0.07621790808302964,0.12774118822104388,0.020265765828309575,0.0
,,0.03585752902321594,0.021259854481614104,0.006528781540870438,2.0
,,0.18077860194641976,0.08148533594739915,0.01728375974681789,0.0
,,0.07912182594910813,0.06445662612338715,0.01800424493418911,0.0
,,0.09165871729357973,0.07946079338897315,0.009608740232400536,2.0
,,0.06632635725848798,0.08461039090262742,0.026089591300258244,0.0
,,0.16722030505234625,0.15452226889146153,0.010172630122856704,1.0
,,0.09115202096598812,0.0888383494864763,0.019231111654056873,1.0
,,0.13202567734805404,0.13485976114259524,0.022595258817194906,1.0
,,0.1605729525539485,0.1863339661158651,0.016821463099931582,2.0
,,0.10371747067458317,0.1542968399978369,0.020932480963289368,1.0
,,0.11073342184357685,0.0996529938597891,0.020777430360313497,0.0
,,0.1648544376681363,0.10783292044949747,0.014447401875396497,1.0
,,0.11083678683707125,0.048945391787513136,0.006361040851870593,2.0
,,0.1400818140995772,0.10644785569251305,0.024507348901040588,1.0
,,0.05256245641768524,0.02670536163317465,0.010624189049675055,2.0
,,0.05820335698117641,0.04707413507265268,0.018395647071856806,0.0
,,0.12917466461718816,0.026524652046161567,0.007123358236042196,2.0
,,0.06783520014576201,0.08570495658997844,0.005037966422340183,2.0
,,0.08589989208106025,0.05947349052765639,0.018551563386133955,0.0
,,0.15210448972531804,0.08651569987100766,0.017795885347809494,0.0
,,0.09822623164147838,0.11271354442078481,0.023953192488918192,1.0
,,0.10000823832569056,0.04984692107489331,0.007114879457827405,2.0
,,0.08130135856295671,0.05256681507280195,0.008642418105571778,2.0
,,0.07940006452619922,0.0860516575952311,0.021743132847434954,0.0
,,0.08253826597564834,0.09630545101044188,0.02572885360388119,1.0
,,0.06830366151579659,0.051279419906314475,0.019739931277928828,0.0
,,0.08558277409772569,0.07255774458060825,0.008537693248583493,1.0
,,0.09344922823808421,0.13264546369312477,0.022502378024933583,0.0
,,0.04432501316972588,0.04233007476387924,0.013978718685606599,1.0
,,0.10601288716491994,0.06869626030591668,0.02034241786930171,0.0
,,0.018328481379555006,0.03314190761642052,0.006964343292957419,2.0
,,0.1954867662883758,0.16880486132914221,0.012974783098914889,2.0
,,0.032534128665265664,0.03877842253931618,0.007173097694556569,2.0
,,0.04416665921472878,0.025785517044266137,0.008804423419339957,2.0
,,0.04762707147769452,0.01729640833857604,0.006162129024431273,2.0
,,0.10587974312939581,0.02919881649703787,0.005606577515992259,2.0
,,0.24660579777600225,0.10091540747623362,0.020380030980288455,0.0
,,0.13011731705395446,0.10113119784229678,0.02588292827999338,1.0
,,0.03290843381989671,0.044432661390357654,0.007834763104808877,2.0
,,0.032746399586823606,0.02332578726058253,0.008821771061316958,2.0
,,0.08457788680042039,0.09184325113138701,0.01963133844321783,0.0
,,0.11704337795957764,0.08886208561136932,0.024877794546587912,0.0
,,0.21358339726412312,0.10597700425264386,0.023613202186065448,1.0
,,0.028851443780675213,0.02742088925076525,0.009694292808933224,2.0
,,0.15587400197633822,0.06959220767048806,0.01520774615835553,1.0
,,0.09124056199348762,0.10562723343943896,0.023119610250566844,0.0
,,0.039212044653217024,0.01700566766932153,0.008897886577748152,2.0
,,0.12609683159987148,0.10405879196744051,0.02080784584844848,0.0
,,0.04475416755817905,0.02198165645649099,0.005857335539411805,2.0
,,0.07284407484560579,0.08413672731868066,0.01749175682431404,0.0
,,0.1350643230146602,0.12485011848062433,0.011797622344585736,2.0
,,0.04595338281253165,0.07127631067176106,0.006824073047973848,2.0
,,0.2297390869164121,0.1224548277591537,0.02823366626040163,1.0
,,0.06552282314459999,0.014431700462588739,0.006294365381264967,2.0
,,0.1698831343338168,0.16623171320955793,0.011015870923766689,2.0
,,0.07008241999394202,0.05209311875321184,0.0100979674584061,1.0
,,0.1383966137491202,0.08340300699541786,0.020135314116216718,0.0
,,0.07664453519604313,0.09387215760872689,0.020130885127576513,0.0
,,0.05568616735880536,0.07050616933616438,0.015232152472268971,0.0
,,0.11576266229621629,0.051632959842731314,0.013298059792507476,2.0
,,0.07697774409833395,0.06417006463312962,0.011744653109841813,2.0
,,0.08293932254986046,0.038846546621996575,0.009072556145594917,2.0
,,0.03332526151300559,0.041008459681220626,0.013706377321108455,2.0
,,0.11018993768146376,0.06534176672931273,0.02003303053455937,0.0
,,0.1680003315689995,0.07035671266532532,0.005459823212108003,2.0
,,0.12382230237251142,0.029449522962019577,0.0095212298770922,1.0
,,0.05972755890749831,0.04542374653518791,0.004866913401408769,2.0
,,0.1367818320097787,0.0569228049687481,0.013395688718402193,2.0
,,0.19143092923577737,0.1087873864355708,0.028448446124301537,1.0
,,0.16592924739662646,0.17533114038100875,0.014796255226988513,1.0
,,0.15635248113660827,0.09275538859672659,0.018952872996680536,0.0
,,0.0384514636622896,0.059185521584020996,0.018493853464398094,0.0
,,0.14505380540916515,0.15577947942811024,0.011330866719670327,1.0
,,0.10178206814749437,0.08297670637050693,0.02493778008256262,0.0
,,0.1695349244845318,0.18106192416590447,0.01215761156873663,1.0
,,0.154132626242207,0.053876065549833894,0.02884966097289366,0.0
,,0.1773618773623601,0.07444239554950559,0.022335410871364182,0.0
,,0.14546347570187368,0.17600677979535173,0.013645522522178266,1.0
,,0.11048296530770788,0.08853623922187495,0.013931888902614587,0.0
,,0.1737870281762454,0.15183668145163445,0.009692546707191276,2.0
,,0.03578329601397194,0.020552659406449722,0.007338543245971095,2.0
,,0.1772029550001509,0.06285749257567139,0.019922113988892057,0.0
,,0.07001142039033142,0.05464550334062254,0.016075589873634565,2.0
,,0.2169479540270732,0.1053157494143303,0.01074660051005209,0.0
,,0.11734421608163038,0.058962767122416784,0.018695872823612222,0.0
,,0.059757677120777314,0.03915688279563659,0.0180097224856691,2.0
,,0.16733802850656543,0.18856972917615045,0.011469330043858415,1.0
,,0.10054817005833196,0.11521662556574179,0.020369420428396845,0.0
,,0.15546407054892025,0.14413863224623635,0.02322757344182912,1.0
,,0.08690303049767363,0.12207834312954877,0.018038674764341827,1.0
,,0.09163414681670129,0.09216158015684973,0.025469224722635516,1.0
,,0.08998559188189945,0.0636828763359117,0.019009043702350282,0.0
,,0.18064090829999196,0.10669524588235041,0.015849680383892846,1.0
,,0.10565902684900863,0.07850399316048116,0.024539407312861975,1.0
,,0.06721108938701591,0.05830646247227095,0.01403853498309608,2.0
,,0.05438359175695294,0.07521572009423443,0.01925035156462474,0.0
,,0.06877647343542038,0.02971211216384621,0.005648803387312034,2.0
,,0.07731785759124261,0.08169775147656888,0.021675699125783557,1.0
,,0.1288803457375188,0.09912482117139398,0.014350813449734824,2.0
,,0.03928490627261518,0.026669997767270914,0.008187280160465858,2.0
,,0.043395159317350045,0.03372739188761507,0.0075477566504840105,2.0
,,0.23660846545017009,0.0703528771065765,0.01886327878509642,1.0
,,0.0561063926854547,0.05593315693240101,0.02093501159819241,0.0
,,0.1113101206883562,0.13590135636197442,0.011667116857293226,1.0
,,0.0753237564254066,0.021955831634105836,0.010347370245478094,2.0
,,0.07054349512254075,0.07838618027745319,0.019273523672812994,0.0
,,0.054300324940408554,0.0461541029546027,0.009160396482678199,1.0
,,0.03822283542315227,0.017746975976875242,0.007048707301643271,2.0
,,0.12922100603274356,0.08050557790410849,0.016841429147799247,0.0
,,0.08597478997717392,0.04524011000230946,0.012876195566388794,2.0
,,0.06445706511758229,0.08391230034382471,0.018394108264895136,0.0
,,0.11857180002426462,0.08150645192557943,0.02120093393366333,0.0
,,0.10947293828112091,0.09200219882427789,0.022882494647595866,0.0
,,0.1406592962293406,0.042250600595373125,0.00922585303083889,2.0
,,0.23052800111248722,0.15727013541513235,0.016208499097764815,1.0
,,0.055804586937921265,0.02120293513567048,0.007495727148276582,2.0
,,0.15096371186079233,0.0960534928459533,0.025653062702919043,0.0
,,0.07974927813628634,0.06879086249117437,0.020395096271333263,0.0
,,0.09670706588109776,0.11148805284338037,0.020254677437292916,0.0
,,0.13887184641062073,0.12153777648202471,0.022050630678963786,1.0
,,0.18192150738195517,0.05893258303099133,0.005118578862351672,2.0
,,0.08236277309714687,0.11362714520384498,0.01782453569795118,0.0
,,0.059872355382072036,0.07025527347912154,0.016319047350618482,2.0
,,0.10029769239842547,0.04137696606265458,0.0066330351480853155,1.0
,,0.0767263286557176,0.0694406901601343,0.020555540200291378,0.0
,,0.021137334834056113,0.01713175844600491,0.006868597954356201,2.0
,,0.10618658321832161,0.07033183028181299,0.009766264057598983,0.0
,,0.0802324973344798,0.07613264030518732,0.021132522402648457,2.0
,,0.11386984199067171,0.03947532080970241,0.005150201429317404,2.0
,,0.11848959651578035,0.06689650641623851,0.009404435429882918,2.0
,,0.07784724002081904,0.13683240239330813,0.030493754081254827,1.0
,,0.14631527365530686,0.05121880336460617,0.019476209250998217,0.0
,,0.08283573387078384,0.08769446629748012,0.021954202058762824,0.0
,,0.1641353390467375,0.13685558782268348,0.020903979185195827,1.0
,,0.15594543569555347,0.1375746816364728,0.023069512662439822,1.0
,,0.10508753696647807,0.0796001734540499,0.01874996862000926,0.0
,,0.09812188037743172,0.10747049079370972,0.021055027185017575,0.0
,,0.02113071235389067,0.00978474644226509,0.008713270666213637,1.0
,,0.11115190820724982,0.059107317898421344,0.017718673934241765,0.0
,,0.15697878120356215,0.07517441429275745,0.019904862717956388,1.0
,,0.10398318912836471,0.10000678989446016,0.018243172805594322,1.0
,,0.11166108013205608,0.10837613955165681,0.01869192397983334,1.0
,,0.01798124592572229,0.012086342518947628,0.007411094884251949,1.0
,,0.01852172854764266,0.031492999022702986,0.0070418894789761105,2.0
,,0.07794872103288951,0.07779730851255452,0.013226843280350828,0.0
,,0.19442192019451782,0.1774901108934928,0.013721888920141843,1.0
,,0.12339952242278737,0.04845796244741764,0.012733111465102354,0.0
,,0.13194021673264505,0.07144423559364638,0.012418477641254554,1.0
,,0.10245138439553475,0.07522549892812737,0.008791642286598445,2.0
,,0.028851443780675213,0.02742088925076525,0.009694292808933224,2.0
,,0.07026605121438537,0.05851997293918898,0.00874213942434212,2.0
,,0.08087838970796325,0.0958127247111484,0.02969097909597515,1.0
,,0.12373714240986386,0.12681033540764766,0.02630885571420072,1.0
,,0.10750972591751842,0.0737705581050668,0.020876964632398562,0.0
,,0.06361246902660167,0.08304061727545711,0.010259295661534095,1.0
,,0.07495442104177676,0.039230990565319035,0.006777204828741561,2.0
,,0.0828065640187634,0.06843988005381006,0.016070199916351748,0.0
,,0.11770411488178799,0.09175909698594484,0.019747755696109103,1.0
,,0.17954059692329108,0.14020441128111388,0.008461959688019636,1.0
,,0.03569731055856167,0.029139664729414448,0.009400178197662562,2.0
,,0.06757695809848105,0.06665140062128595,0.02259352801903877,0.0
,,0.0362357852755799,0.018811068331037482,0.010540372840272505,1.0
,,0.1715145332762277,0.10866044516675614,0.02099416386195129,1.0
,,0.1737870281762454,0.15183668145163445,0.009692546707191276,2.0
,,0.17047830711754003,0.12649323832583795,0.025770847645912066,1.0
,,0.21749303114757923,0.08440831540027446,0.018237849003025643,0.0
,,0.09190060969493058,0.08903159413690857,0.020686266068820337,0.0
,,0.09047230770064349,0.060594569897388435,0.008039797928511953,2.0
,,0.09995912928430596,0.03336638140449998,0.004774571466940679,2.0
,,0.14793422213930488,0.18110615842945635,0.012502509494914904,1.0
,,0.027365037727383534,0.061575891072783696,0.009147162354343166,2.0
,,0.133700494102691,0.15983450845172092,0.01232436739017307,1.0
,,0.1631453673774808,0.07408167397584484,0.023775920708003974,0.0
,,0.17363928180996785,0.1812611216257532,0.01203269732112666,1.0
,,0.08618159102898511,0.062356542157482424,0.013191700253557086,2.0
,,0.09470146174567312,0.05717484334293256,0.014014939016005768,2.0
,,0.12232770580078846,0.05796082123578637,0.00758598553345408,2.0
,,0.08510698322642428,0.07123926926333829,0.015686895950862298,2.0
,,0.08522561493477315,0.04074098504830778,0.019544459738831895,0.0
,,0.13090670735899965,0.10744565147149046,0.01960690937742201,1.0
,,0.13727291017312399,0.10538355694150892,0.018767245253208834,0.0
,,0.2003047999859196,0.05277987035842041,0.004406285949475244,2.0
,,0.27907660675034485,0.13866740627289947,0.012656433501935856,0.0
,,0.15035890418140488,0.10137152995251693,0.015477120013824687,0.0
,,0.12964969769945617,0.1076090882724135,0.021021507783623845,1.0
,,0.13676254812833255,0.04139635823750942,0.02143330951170671,0.0
,,0.1034315235107961,0.060770413093656356,0.020166443347722166,0.0
,,0.11747236865044326,0.033402489915796744,0.00799176316061613,2.0
,,0.14958626428671973,0.04043804845298111,0.007015643184528653,2.0
,,0.06290882531419659,0.03404982877569479,0.008104541807225618,2.0
,,0.10974282113654706,0.10077573906810405,0.024128943890116772,1.0
,,0.1262085017061955,0.11758047039301484,0.012756757106642636,1.0
,,0.08347451271854466,0.021499101578301826,0.006740098053472064,2.0
,,0.1710774425685121,0.10800449273337126,0.027992991608146615,1.0
,,0.2912667112238271,0.1305433678189191,0.02115533173141589,0.0
,,0.08671551065583682,0.09554365599961281,0.015712863214605112,0.0
,,0.03310605848477049,0.015027047448862253,0.006450193595211417,2.0
,,0.08536756855027217,0.06411797276948152,0.007555060429324289,2.0
,,0.14023075523334616,0.16288341104861712,0.013104338329117494,1.0
,,0.010776140191149261,0.024748910126281123,0.01082356376443259,2.0
,,0.06776569899696562,0.049123985287704355,0.015776275493667887,2.0
,,0.1533997188550078,0.12437759033101234,0.025980792768252086,1.0
,,0.06489331345451918,0.10905159410202198,0.019941977477044664,1.0
,,0.11792727578179392,0.06513819357392003,0.02109911069965744,1.0
,,0.10472396060697356,0.07517940621540926,0.017617273783923023,0.0
,,0.10585647866747933,0.1007154999374083,0.009567053326457988,2.0
,,0.037019752364413676,0.02726045846155872,0.00790490857517177,2.0
,,0.11680025709223563,0.06658144321153675,0.02502064003227233,0.0
,,0.11589588886332433,0.08086231409103349,0.014707969520615993,0.0
,,0.061976158803420105,0.07228174436488702,0.01699742676494611,0.0
,,0.13530443351479907,0.10961675293818662,0.022778789673271356,0.0
,,0.1340245104834819,0.051375145059777305,0.013530521942537331,2.0
,,0.09737077660157414,0.03958629751899525,0.004396079947722217,2.0
,,0.10040067330311643,0.05856099654720312,0.016318344383995792,0.0
,,0.06887990951869258,0.07184095232878264,0.01524543949165952,2.0
,,0.07308038774999352,0.056386143759935475,0.019598679992891842,0.0
,,0.09437492054983541,0.029915031143953507,0.008281429786293747,2.0
,,0.14620237705327102,0.08290355091292852,0.02149469370182417,0.0
,,0.08840427802478486,0.06475207905773886,0.01189850416728599,2.0
,,0.08280946905257945,0.05978666785815765,0.024908738483381144,0.0
,,0.09245975629371445,0.08800964621288898,0.015598725628112254,0.0
,,0.12544496170669783,0.16752184324426572,0.015863260378326593,2.0
,,0.10992933041060796,0.11983534085984736,0.021877710427795117,0.0
,,0.17007559964539645,0.1892918063759197,0.010904314640863267,1.0
,,0.12124780447454593,0.03769646398102384,0.03190249683333234,1.0
,,0.20345608989743735,0.10867124762500367,0.02506883114251746,1.0
,,0.12213354585766381,0.08126411759884561,0.023253034249135093,1.0
,,0.046226046857423445,0.028500779287098384,0.00601870541904011,2.0
,,0.15984152441537,0.0899191516776403,0.01838391837282687,0.0
,,0.08976172909028282,0.0552070424329213,0.018997450533072436,0.0
,,0.06944737632615168,0.060617628702007,0.00687885435305832,2.0
,,0.08304995282531913,0.11742581991230339,0.02101485914283956,1.0
,,0.11214534532980855,0.08126715479454896,0.018400138345137512,1.0
,,0.07782181089764716,0.03825573738426028,0.011525904855241763,2.0
,,0.0857560148532043,0.030599337818070386,0.008422830590868697,2.0
,,0.04359054792065963,0.06957908605664295,0.02481452477011443,0.0
,,0.09369511404267791,0.04056273251778105,0.021479816019805784,0.0
,,0.07898007301910454,0.058851869366632545,0.007043358661955553,2.0
,,0.09208937484420932,0.15927335147458266,0.016196319398501767,1.0
,,0.17573707983202214,0.14424977012790755,0.012593157099812265,1.0
,,0.04416665921472878,0.025785517044266137,0.008804423419339957,2.0
,,0.09311243214165074,0.07763449164306949,0.014834220562963575,1.0
,,0.0993599405157291,0.11676793666825995,0.021354186008147865,0.0
,,0.07083517408679814,0.05726128387050072,0.01932501832785457,2.0
,,0.22372700991093927,0.10097571435279505,0.013624752800951713,1.0
,,0.11543611444269555,0.0792223770503505,0.020334988529077204,2.0
,,0.233629904848432,0.06573473438744284,0.015916456071778946,1.0
,,0.10317026236112668,0.07662637809121828,0.016479916592810957,2.0
,,0.03176117791202282,0.01928972931579257,0.008212206287667336,2.0
,,0.18572753468240244,0.1536611412136149,0.02329290081242496,1.0
,,0.10746232831706407,0.0884699418449352,0.02059190491162154,0.0
,,0.17650124224998578,0.09752052704779192,0.01913579386812394,0.0
,,0.120899394063054,0.16220979218013667,0.012158940756152743,1.0
,,0.06153054007895832,0.03972444064771925,0.014075496799530237,2.0
,,0.0578236464947509,0.03055891059991605,0.009054077206704703,2.0
,,0.14398869233668948,0.0995005179705962,0.02003331503513076,1.0
,,0.0368182051686433,0.05364546290604271,0.02141768655747506,0.0
,,0.11942326154766905,0.07274469571527331,0.02096761976091268,1.0
,,0.12962111288502615,0.07949918510711265,0.020182005051906635,1.0
,,0.07237015305481115,0.045972618122045464,0.008674265316435701,2.0
,,0.05757593557231136,0.06310808664514778,0.014428408179437269,0.0
,,0.09128683801017516,0.10718971732821946,0.022113044623877337,0.0
,,0.10983870335319898,0.10056815361952684,0.01923075400504219,1.0
,,0.07616289061268093,0.06071879588180595,0.007960165293567167,2.0
,,0.1090499570243709,0.11696986203035999,0.01805300666548664,1.0
,,0.18642552049875533,0.21376424987250128,0.015621353932347157,2.0
,,0.09456594867094878,0.05751613967650423,0.020467271789136064,0.0
,,0.08807489568864249,0.032345401014574324,0.011472185927463822,2.0
,,0.35224569001263306,0.13753180482740346,0.013452864866955338,1.0
,,0.08758936757113035,0.06612937534193898,0.02347530465195581,0.0
,,0.07320879764357215,0.08256156311692651,0.02442681225026281,0.0
,,0.0752686355000936,0.05539984041284904,0.008988359662350969,1.0
,,0.051983003317042885,0.025810713887299046,0.006461751497795394,2.0
,,0.051141173348337406,0.029445011678906386,0.008679054241293374,2.0
,,0.08792210368596713,0.0589981734202094,0.019968932816154545,0.0
,,0.12989242412015772,0.05871748704885292,0.01781684559159616,1.0
,,0.09089831304004738,0.066441945484971,0.022352685179516628,0.0
,,0.12457695630211246,0.046933264878109913,0.010381100621122418,2.0
,,0.10049836974545628,0.08520443096141814,0.009347072955295316,1.0
,,0.12025138934349987,0.11916843168498709,0.02233127645011334,1.0
,,0.1787334341022575,0.21302145149247517,0.015299122968768385,2.0
,,0.19459649602153128,0.10154585075865416,0.021093602808729985,1.0
,,0.04597360705534293,0.03163618978892746,0.010283370806447785,2.0
,,0.019735248629081444,0.014626528882709383,0.007944673652054656,1.0
,,0.10863802434361627,0.03501240528681639,0.004482682088899716,2.0
,,0.10221567314604686,0.049680416394592496,0.014935421354928428,0.0
,,0.15047099861443516,0.11105314429796022,0.01786701904348796,1.0
,,0.06151626986140385,0.03304454329677677,0.00922219921539199,2.0
,,0.20680762538390796,0.12042626650487091,0.016471809589116693,2.0
,,0.14490499695220962,0.07178288344338017,0.024489742018178284,1.0
,,0.12749808931625797,0.10967687705852089,0.01484803855656936,0.0
,,0.15478671600362107,0.07067429588001947,0.014407821693207397,1.0
,,0.09202295050196721,0.06926156357091118,0.008000214029400658,2.0
,,0.11843658686831121,0.14112776431335908,0.014136045294345345,2.0
,,0.11780895089907308,0.11656798378957763,0.01839486284291666,0.0
,,0.12241380015575591,0.0933777606406917,0.022679023101738357,0.0
,,0.197379002522256,0.16184786574725274,0.018263452831035316,1.0
,,0.11450860237678268,0.10815042305241533,0.023082589261164695,0.0
,,0.09536274908444638,0.09562609981894069,0.029512954611959828,1.0
,,0.10939368104226473,0.05985234553426699,0.01670967114884281,0.0
,,0.06693365870444498,0.06365289938001956,0.018211004430748353,0.0
,,0.18133285491271822,0.1525015045259245,0.013897122981061726,1.0
,,0.045737086519512395,0.02186263781980435,0.006831694750846781,2.0
,,0.10946424498813413,0.16135099022418062,0.015439178655363494,1.0
,,0.06924062489453883,0.030939600301805807,0.008872705360110632,2.0
,,0.08793033643411689,0.10380235263706841,0.02736562685398202,1.0
,,0.10911074980016748,0.1350412732779366,0.028384373918250994,1.0
,,0.08160411658831833,0.08905245063158274,0.01444712377727746,0.0
,,0.12073353396122584,0.10424006936436797,0.016851549852379938,0.0
,,0.08403408950407237,0.02113586043448968,0.0095848136658773,2.0
,,0.026749025019595314,0.043810325509903734,0.0059481318344807976,2.0
,,0.11778949518254789,0.13602943152449373,0.009441782204176621,2.0
,,0.12931652501214969,0.09183663098918736,0.005451398371687417,1.0
,,0.0875535427890735,0.13514466029442176,0.028868517885869017,1.0
,,0.04249427629367917,0.02894708868773382,0.008705943595234402,2.0
,,0.07778252933944016,0.05888997005489356,0.00862706847640382,2.0
,,0.04716553325616761,0.03827910398612662,0.013436512365588422,2.0
,,0.10583084548200096,0.08634163723980394,0.015075890962922452,0.0
,,0.08973256483761484,0.089291654099114,0.02225084728009387,1.0
,,0.16275260633931812,0.0871145969977083,0.020923424375515934,1.0
,,0.0953670847666905,0.0841171638364264,0.03238600035681309,1.0
,,0.14318582674518976,0.09119746350958108,0.028540339861386408,1.0
,,0.07209932171321717,0.05912025850911867,0.00993422113295378,2.0
,,0.18683330882459154,0.06016291224717405,0.02015294374904299,0.0
,,0.1287942775907616,0.09291893373144253,0.022324894343567502,0.0
,,0.11023344609490267,0.07159593538272593,0.017162996700449497,0.0
,,0.0588540426496788,0.05746464850113773,0.0049019643763802915,2.0
,,0.09879229117819674,0.03554918780322025,0.014421161209360373,2.0
,,0.06125655683195722,0.09278644513400444,0.026477539668673562,0.0
,,0.13512937644078837,0.09641348957369344,0.021737893525190885,1.0
,,0.1364423829555832,0.14891200876717736,0.012489555635561311,1.0
,,0.14999655783030585,0.11724506538737449,0.021458608994298797,1.0
,,0.06948714785386509,0.08033991549018887,0.008600374374232321,2.0
,,0.22191864600842803,0.13328056444568592,0.014511701260102958,1.0
,,0.13256539917647414,0.08273238428773785,0.026010149968338822,1.0
,,0.13371840325694478,0.06545937073161676,0.02245090986165551,0.0
,,0.1437925067750488,0.05851095795567574,0.006922244391498012,2.0
,,0.13940412065493474,0.19822932306335178,0.0123445120616062,1.0
,,0.1208421741458987,0.043805151856978336,0.007548375729952854,1.0
,,0.04186680105237357,0.07819406531522914,0.021878752366391346,0.0
,,0.06539573196994866,0.04666726246698511,0.012958617159141306,2.0
,,0.10459385556763198,0.07912591467139758,0.024502743993323133,2.0
,,0.05981767416500557,0.03359974095018312,0.011115387570600316,2.0
,,0.15327264959343959,0.08112065424860058,0.02771768318637061,1.0
,,0.14384516598367117,0.08625779277007738,0.017672923707259595,1.0
,,0.08315872344130047,0.10530617926410853,0.024995522174230733,0.0
,,0.1480647709061218,0.13855294988993433,0.014264831692368965,1.0
,,0.10130213181411911,0.11454837121735145,0.020559548416779982,1.0
,,0.19988762090901135,0.11439219743360525,0.015951647189559007,1.0
,,0.10547223054830979,0.0510939981538056,0.010086038644407932,2.0
,,0.12960844482747536,0.049443719164666354,0.012047502139659738,2.0
,,0.15432802486131972,0.1398648542077505,0.013603949107456565,1.0
,,0.049637073097866954,0.026838285694226444,0.01594250609767361,2.0
,,0.12839525140031696,0.0969706093746592,0.02594977783629159,0.0
,,0.103901453372546,0.06773105508693095,0.018880589951474572,0.0
,,0.10644887462145568,0.06666184868031884,0.02030385183586811,0.0
,,0.0679571843747596,0.05677729067016961,0.016471437523126152,2.0
,,0.025244109375970592,0.03057791260960131,0.006845804907572833,2.0
,,0.04597360705534293,0.03163618978892746,0.010283370806447785,2.0
,,0.11744551799220579,0.07332031694746068,0.02399873350634765,0.0
,,0.07195126093915385,0.05908268175703044,0.014981155336737734,1.0
,,0.09283197142978912,0.102961752126238,0.028566336971207185,1.0
,,0.048737771990971734,0.012457235687809263,0.006740060016400867,2.0
,,0.0795531076740372,0.051831950386703594,0.006049015241764692,2.0
,,0.06855875931423627,0.13416180318226759,0.023458253957769973,1.0
,,0.2268414719079122,0.17319728500616902,0.01477969513512364,1.0
,,0.05406345160253906,0.020747364449449097,0.00592719873444763,2.0
,,0.14699091894510158,0.09482873960743832,0.0198155843305881,1.0
,,0.05197327809145738,0.02427776803420703,0.00978604260037074,2.0
,,0.04388542025766076,0.10115622168159999,0.016496597730484643,1.0
,,0.15915867931536629,0.13162809340374132,0.01778103083356632,0.0
,,0.09893908214090953,0.09236113883713491,0.01728891676352178,1.0
,,0.10658253342339173,0.08453788429853334,0.021394665667331465,1.0
,,0.14291677355419588,0.14060734500576483,0.021515656252151693,1.0
,,0.10901123548398707,0.04502877517788348,0.006989223210091523,2.0
,,0.10935282877848913,0.019858081135524844,0.00560944331014549,2.0
,,0.10870735886410139,0.05572615333268685,0.019954151287012858,0.0
,,0.2026135237797557,0.0853956834634366,0.022149439386562646,1.0
,,0.19763708664788887,0.11628377929871465,0.020788158813551456,1.0
,,0.12907422638574712,0.10286201441222678,0.023597817025477783,1.0
,,0.11846515568635684,0.09859981488897075,0.021084648543566627,0.0
,,0.14810256958708748,0.08228692585051424,0.020492565697105752,1.0
,,0.20050339787599508,0.0567188147313427,0.005178830258154082,2.0
,,0.07335555392681606,0.04582826482884222,0.021435939909813743,0.0
,,0.05259729700554832,0.08407380229076768,0.018140208855275914,0.0
,,0.09488606365849733,0.06598719353478621,0.0236878847132368,0.0
,,0.1460519496980623,0.07403775681722094,0.02295340775326697,0.0
,,0.09615550545346886,0.11254286232142674,0.019629481707205222,0.0
,,0.16417112176905285,0.1004922945180698,0.019139854793820698,1.0
,,0.0689004233471314,0.058190287752180256,0.02452749669707044,0.0
,,0.21336415919626409,0.1463112003241639,0.018660452686544975,1.0
,,0.2452660037441088,0.15410753491219883,0.010241083883152518,2.0
,,0.10249404295924214,0.05432001240863858,0.014106586892873984,0.0
,,0.11539426572268262,0.05882791103726816,0.009474702176118146,1.0
,,0.03726973934804767,0.11730123376690588,0.01750740281199319,0.0
,,0.11592911959747934,0.10159887038710289,0.021822565018355444,1.0
,,0.10861300649278653,0.11437640086749845,0.022521781416767767,1.0
,,0.15694235064730286,0.10598479530493048,0.013777531594581501,2.0
,,0.0651095398751003,0.07859581932654049,0.017672779201590844,2.0
,,0.04976181044431375,0.0186044200564838,0.008777762772505516,2.0
,,0.15005062332297392,0.16997685337044208,0.029502885852108043,1.0
,,0.11831339163502155,0.06078016612100286,0.018127305693706887,2.0
,,0.0957594151350944,0.06654690684825007,0.014101958085814263,2.0
,,0.1405862832248264,0.17276001533347357,0.014478558956940744,2.0
,,0.10123818346432345,0.06946919935889419,0.01955235252999228,0.0
,,0.10950064596004047,0.0910131289631861,0.028088926528446346,1.0
,,0.09856156704629963,0.03225885589250844,0.007035102942913695,2.0
,,0.14618610826221112,0.10278892478121386,0.014310120105649499,1.0
,,0.03708758512569836,0.07960467343736255,0.0046418029098838545,2.0
,,0.29785623558262914,0.1141131136178681,0.01795654942057566,0.0
,,0.07004401069144808,0.038357791020334805,0.007465445304008579,2.0
,,0.17090911506960924,0.11280957469420716,0.021673292521070458,0.0
,,0.131083210073263,0.02715425093470256,0.014494255888119246,2.0
,,0.08165056834157047,0.08106098826833438,0.022687188156110167,0.0
,,0.10900820189596172,0.10260895047415394,0.018223651501219972,0.0
,,0.11649420133506147,0.07491217226050394,0.0251463250598087,0.0
,,0.01852172854764266,0.031492999022702986,0.0070418894789761105,2.0
,,0.07152135853588398,0.06854936800596721,0.020108188960913136,0.0
,,0.06761679748151873,0.032397379845923904,0.006443673379672915,2.0
,,0.1953797972778587,0.11380202873973069,0.025500446545051805,1.0
,,0.03486270374360846,0.09031444207882877,0.018219213874045282,0.0
,,0.13049496817281606,0.08251659541050968,0.017250234645121366,0.0
,,0.14623736309295182,0.12752617152450857,0.021357626134633247,1.0
,,0.18671815364457262,0.0523002943406457,0.015650352281508007,0.0
,,0.14914717010363482,0.1399481545091508,0.031726664551072384,1.0
,,0.07167714365770712,0.04394162222650817,0.012243632785365267,2.0
,,0.2245412129883586,0.09161294829375699,0.013779157576632563,0.0
,,0.058073934520738967,0.02774083552360883,0.017271674891739718,2.0
,,0.18465954610799767,0.12511460012349687,0.019239971745787662,1.0
,,0.1790038918482375,0.1711443840266096,0.010240553470904771,1.0
,,0.08115094906706441,0.06889202521654322,0.025545194324207324,1.0
,,0.04208211068922937,0.026491875881107046,0.010535727909629079,2.0
,,0.13424053526548643,0.14345772812603066,0.013568038277402461,2.0
,,0.020443129152797432,0.02702939604453694,0.00671893753200843,2.0
,,0.11261456422609642,0.0730712645917974,0.017312856806411477,0.0
,,0.04400931808431176,0.03581373732018444,0.007195260315579325,2.0
,,0.16395329762204022,0.08807204884114687,0.025498877672068487,1.0
,,0.11611385263354662,0.10827077133393244,0.019627121838639395,1.0
,,0.14187279355414353,0.1051269084118435,0.024073672701455637,1.0
,,0.05232588977187638,0.025150177254857277,0.012650777120454527,2.0
,,0.09404555087341103,0.04530379020658024,0.00465081174328432,2.0
,,0.08351258221926507,0.03591552728083765,0.007233529408669102,2.0
,,0.1623320455516603,0.07558822473125304,0.027361982899774453,1.0
,,0.07136067965052503,0.07487346229555215,0.014884066618730667,1.0
,,0.06441714108601218,0.10456960858100535,0.013455262732990381,1.0
,,0.2147790287590952,0.10369766065660929,0.019137274027455062,0.0
,,0.04338894017596134,0.03638117971066099,0.023538154631119794,2.0
,,0.17171691130860492,0.07064837349056852,0.015421592405727047,0.0
,,0.12615052797672782,0.058036663208104924,0.005330081071667643,1.0
,,0.06391418156932778,0.09600628255034496,0.020215752934800837,2.0
,,0.10245476525453012,0.08400852663674846,0.022598329081596435,0.0
,,0.07077644736461335,0.07043887797307972,0.015548720174184993,0.0
,,0.022146592653816886,0.016929170611922145,0.007404795356410198,2.0
,,0.1757630293871756,0.12951070741861714,0.014145021273426484,1.0
,,0.15158159293476137,0.18091919659470213,0.01134521484159809,1.0
,,0.09791190676747348,0.10402850040515188,0.013702503034765081,2.0
,,0.14848897987781162,0.09757578523572102,0.016324373672894806,2.0
,,0.15108860276541847,0.11452278988708248,0.020875097088682508,1.0
,,0.07786080368261433,0.05293575840613216,0.006595029457265392,2.0
,,0.11480551309787267,0.07793124565636006,0.019166591342564588,0.0
,,0.07925783345661394,0.09360376733216348,0.01791721840082831,0.0
,,0.08777990249155358,0.052615151879926304,0.010081895360857658,2.0
,,0.10474087262700126,0.08184890262373819,0.019188245342391812,0.0
,,0.09809535791678187,0.04442657281551571,0.00994445784477783,2.0
,,0.19909430698020997,0.21803444394208202,0.008089582025747352,0.0
,,0.06802201045971998,0.080224710171761,0.02183504035119882,0.0
,,0.12492451406701503,0.06267298388049798,0.011212666635987604,2.0
,,0.11099551184637414,0.11290679004318765,0.02897205041190229,1.0
,,0.16936854689791062,0.08067641050970051,0.008704631327708994,0.0
,,0.11473186816250004,0.1318976522633893,0.020746203509917526,1.0
,,0.16736022227348002,0.12748690021934417,0.0269406399976994,1.0
,,0.08019411132946466,0.07678488842393162,0.019607004898322216,0.0
,,0.05082422023098418,0.02781964715917474,0.006292140162935801,2.0
,,0.07079305572352408,0.06044153493564254,0.021959892466890535,0.0
,,0.058222290035459076,0.033679310920164816,0.006702980587778465,2.0
,,0.08888065999285097,0.043817730382516455,0.0055037817499576395,2.0
,,0.10195543770350915,0.074460905467877,0.019351305220378912,0.0
,,0.09943457164336872,0.11963874234610927,0.021617599535299795,1.0
,,0.15260497661695782,0.0830145418188663,0.020968183537555408,0.0
,,0.047973688703242055,0.06449635489712985,0.012586709130527689,1.0
,,0.0198834108887175,0.046324756750724644,0.005326211611097927,2.0
,,0.06426315435865734,0.14967746793247075,0.024518566326701366,1.0
,,0.07788494306987886,0.05072113476064004,0.013017743157875135,2.0
,,0.10384407628521318,0.03316537629838413,0.011494809876163964,2.0
,,0.12862604270015232,0.06547350711463258,0.012541086178035421,2.0
,,0.03304148070341116,0.020693260631687246,0.00914566926725619,2.0
,,0.07040545580708901,0.10219587673856975,0.018129775370269347,1.0
,,0.052152595836543615,0.013223726504123777,0.004966574907489135,2.0
,,0.09676155697255939,0.09108010821186958,0.01620888783793708,0.0
,,0.14542440331138248,0.0675778971659088,0.014257434963193495,1.0
,,0.15113205621443399,0.17967944023253718,0.014030825538275693,1.0
,,0.07051370343697844,0.05602877653814184,0.011236821001300789,2.0
,,0.10981127496656731,0.06787626304704987,0.015161985948685643,0.0
,,0.13960796677146275,0.08084045806223197,0.008903796866292241,1.0
,,0.0707906445157692,0.06320759146328665,0.020374060534989125,0.0
,,0.1632995444879341,0.14771455657233576,0.015778359818031197,1.0
,,0.09169862490420747,0.03879693363954039,0.009291496026167283,1.0
,,0.1095259841131798,0.11916807122906632,0.018655653687239534,0.0
,,0.132099853330953,0.05909289429894421,0.018108421151401807,0.0
,,0.1818354384432597,0.13122024045055758,0.0200803529331503,1.0
,,0.08842137031805382,0.08222759854131248,0.014060007903919163,0.0
,,0.15764039675598834,0.07596249488277558,0.021805280555946188,0.0
,,0.07332670467184826,0.07810712279405306,0.019242577683192087,0.0
,,0.10575292209821163,0.06673768586927327,0.02383095111796738,0.0
,,0.17602250671060415,0.11310043769187998,0.016312465766286758,0.0
,,0.11567742199307184,0.10173430517347687,0.023229764915719008,1.0
,,0.07276622527370143,0.074343380897661,0.012682871081308148,0.0
,,0.13752368795229025,0.0577631072309715,0.018114914413456674,0.0
,,0.11910821257434248,0.06259878355264695,0.01666254660201389,0.0
,,0.1315219546100313,0.018685852171123025,0.00459372616078149,2.0
,,0.0849149667834864,0.10419856836248753,0.021441161082323124,1.0
,,0.07509671649519245,0.05629597729712659,0.01748584466280178,0.0
,,0.10036616819406528,0.06985693100685589,0.019670735987703324,0.0
,,0.03807323492667,0.027863977235228377,0.007014086151272519,2.0
,,0.11697118262255495,0.12342034180588368,0.013397578906203156,1.0
,,0.17263399534514845,0.08972610389050667,0.02080736894307982,1.0
,,0.09041057296170717,0.054016858161401976,0.013623649026637086,0.0
,,0.03486025022735877,0.03463004555860716,0.011060775940901588,2.0
,,0.12304219320134942,0.02670887874211749,0.007044568202225992,2.0
,,0.09019698535570876,0.0577990756387031,0.019207422608487047,0.0
,,0.1465078036551564,0.05606823311954749,0.018784624051334565,0.0
,,0.20913600700568405,0.08957517315302913,0.017322990711735358,0.0
,,0.02102162894683051,0.028718352565381577,0.007432692654715832,2.0
,,0.07463986867405287,0.049392910117010844,0.01475644483007255,2.0
,,0.045737086519512395,0.02186263781980435,0.006831694750846781,2.0
,,0.1430787121836009,0.03256342612972994,0.00526943797608142,2.0
,,0.09521988837242422,0.044309064245293614,0.010110184952349383,2.0
,,0.09067493168060232,0.06878660536314965,0.016774543958982122,1.0
,,0.16941557677913457,0.0920426884589012,0.030770615938546284,1.0
,,0.1567465282180425,0.12837054237552897,0.015896835408502046,1.0
,,0.04844145244448789,0.02145173144525391,0.0053453655518197075,2.0
,,0.15153484494305752,0.05321257131518346,0.008034359844832514,2.0
,,0.08267333141807762,0.10071215902257559,0.01171610284365235,1.0
,,0.057866564941036376,0.04334666831102782,0.011481989793393665,2.0
,,0.07706780338258666,0.07090745230700154,0.018682208678963235,0.0
,,0.11115296070244929,0.0586123903805149,0.019246578255669416,0.0
,,0.11258295119535283,0.08701766601690912,0.01840923924770723,0.0
,,0.2357524898844392,0.21690592862009905,0.01553188066608342,2.0
,,0.1724963661420859,0.12557967735698858,0.028977991265045078,1.0
,,0.22725512334553596,0.11994903225956394,0.01883330153386951,1.0
,,0.03600185800540256,0.044594149341196564,0.010900852160758891,2.0
,,0.09579390783341657,0.08550576921101517,0.02196637185904511,1.0
,,0.13435957850795527,0.1098513123526975,0.018625947195969893,1.0
,,0.04838360471012288,0.025092645030276032,0.0065992508204698085,2.0
,,0.12412237176682604,0.12005092080204516,0.01759853907054748,1.0
,,0.1125954997916858,0.08361871874434026,0.02496134279866076,0.0
,,0.12387258380453321,0.11154566635110241,0.019364153130234797,1.0
,,0.14880812987822853,0.13829317295748278,0.011897382131401336,1.0
,,0.17018754587069101,0.13677065247313858,0.024209166028068572,1.0
,,0.1689922758481047,0.13647600774512453,0.01521208512127736,0.0
,,0.13857556188668346,0.14296306605877052,0.014816749253805345,1.0
,,0.06574102762366185,0.08457955721394515,0.020575511912249437,0.0
,,0.11171567223834532,0.0648060684894562,0.008080839626351696,2.0
,,0.22726685219273268,0.07786505177247634,0.022285944804225653,0.0
,,0.07103928604323126,0.06963882909725035,0.013264707885971942,2.0
,,0.05660946585902986,0.1493541721012097,0.026555779361689784,1.0
,,0.04837518702298851,0.0588706352814178,0.014821330696553421,2.0
,,0.25148142559935704,0.14118447739643974,0.014157247560619951,1.0
,,0.08571145665994477,0.06623473488139225,0.021040502919096017,0.0
,,0.1731587016771945,0.05827204428771409,0.02083557940149475,1.0
,,0.21411102484262287,0.06349563849313838,0.012499638683456356,0.0
,,0.10632447778301378,0.06429708360559248,0.00752224616877649,2.0
,,0.15870910252009068,0.135286749069354,0.016371291708861396,1.0
,,0.14753098947103896,0.0993254700350136,0.024594796892504715,0.0
,,0.13714066241361372,0.07640419495990589,0.012688730536833283,2.0
,,0.12171965164702872,0.11577277496425153,0.025301542713617,1.0
,,0.06596197186010277,0.07433130164521651,0.02049406340287595,0.0
,,0.0991189948296251,0.021750422384285758,0.005737956632413278,2.0
,,0.1167586391272907,0.09988907729176567,0.017144649442787752,1.0
,,0.13649763506379164,0.067842778194887,0.009427382525775137,0.0
,,0.04877380133190045,0.10251704309160851,0.008130907130923048,2.0
,,0.059190921834914055,0.07582196401843688,0.009918618638825804,1.0
,,0.10386718195572878,0.06339526992305419,0.01975827771982943,0.0
,,0.10404034679682128,0.06601030574299395,0.02014344231739533,0.0
,,0.09621294442212316,0.04841403056394751,0.005022881370326654,2.0
,,0.1252889758644296,0.15171933849252095,0.015935067879968044,1.0
,,0.17908811197835772,0.09060693335942109,0.012168459423949535,0.0
,,0.10528603859347334,0.11621659318742339,0.022570862475275098,1.0
,,0.12332688761736159,0.07397788647196951,0.018336094640596875,0.0
,,0.04437072814209506,0.07328107479780191,0.018499433870979166,0.0
,,0.08590065670739308,0.07832172504104004,0.01853418538154293,0.0
,,0.1289423573668601,0.07140091119601177,0.006586963177923811,2.0
,,0.1555898155272447,0.16030700027869527,0.024512152424596964,1.0
,,0.0840544613708657,0.08779869455381374,0.01526269690240538,0.0
,,0.13495331360724608,0.11169906061786085,0.023639626959247255,0.0
,,0.11152768241473918,0.14418786958196622,0.011371851776721408,1.0
,,0.07486377569021167,0.07343445298545995,0.018591428870764568,0.0
,,0.0898444438732533,0.054979082209476046,0.020227221079397537,0.0
,,0.1119205785794245,0.04220819667141797,0.007829262931454521,2.0
,,0.17533715891763124,0.05205188756432735,0.02472159263295234,0.0
,,0.048700292160899536,0.04464565822387075,0.01025578521512334,2.0
,,0.13909045606799697,0.08888693751192771,0.030739120997560352,1.0
,,0.013497797034407753,0.024786468559515128,0.0072443886487694,2.0
,,0.10945482645595583,0.11027496259657805,0.019919105545194563,0.0
,,0.06151626986140385,0.03304454329677677,0.00922219921539199,2.0
,,0.20062031554923634,0.07567076198853395,0.021006957067540858,1.0
,,0.19228207858518603,0.1921877131605942,0.011314855365688919,1.0
,,0.05864544576910668,0.07606187491423733,0.022798063288669967,0.0
,,0.04249427629367917,0.02894708868773382,0.008705943595234402,2.0
,,0.022152131481144095,0.04713801317587094,0.0072186394009037605,2.0
,,0.1627752764260303,0.0969910949155682,0.020165244382970085,1.0
,,0.07857807173472559,0.058634910426431215,0.020283569972795144,0.0
,,0.3471065200660193,0.1116763104141451,0.012554311446377918,0.0
,,0.01832138170952734,0.0190973215444356,0.006860782783622138,2.0
,,0.1014202754672994,0.10681287068727163,0.020903067161974636,0.0
,,0.08783458633588487,0.07387161917151763,0.018185863789681924,1.0
,,0.21075336393732902,0.1794513742744599,0.012174126564929902,2.0
,,0.06316207661563744,0.042857964985222,0.004435600613919902,2.0
,,0.17056534844876145,0.16512919787798752,0.011294898462249191,1.0
,,0.12707322633399024,0.12123870702072517,0.019540869438923282,0.0
,,0.03353364003801343,0.03258312878807728,0.00834139100151405,2.0
,,0.12040637699923268,0.0719769493495108,0.006774098791411004,2.0
,,0.0636567530921999,0.045844219531823306,0.016744858736378283,0.0
,,0.15569871960162265,0.0890888098813164,0.02026565281404602,1.0
,,0.09238977937060455,0.1337769846911613,0.023032831515794487,0.0
,,0.11968412907179227,0.09185625546730877,0.014525661640237792,0.0
,,0.24585939232241155,0.16284816429383286,0.010744201558267412,1.0
,,0.1686518309455325,0.08635320258476642,0.03220264019999813,1.0
,,0.09981851485060948,0.11414892482321043,0.018406982606538,0.0
,,0.033037123137668795,0.03262710324398791,0.010234406469296152,2.0
,,0.17903719027012524,0.08646735930633731,0.02121843542427476,0.0
,,0.14128381383010372,0.1283441602665635,0.016911076867722665,2.0
,,0.1189224711565962,0.08937454024089503,0.023797618679398964,1.0
,,0.07908818276627673,0.09375832199685737,0.013556368268872824,1.0
,,0.07111701624224498,0.043451839270903174,0.006217651883287091,2.0
,,0.11166205297516787,0.04611919315182196,0.01586328551323892,2.0
,,0.1762118566490199,0.13761714709209732,0.01348743882135284,1.0
,,0.09549908617602597,0.1234990994470684,0.011273141204932065,2.0
,,0.08637274401553106,0.1446827058214648,0.025714404963371722,1.0
,,0.05839510879761711,0.07002233476904263,0.013612477306460235,0.0
,,0.14702888022796484,0.05429945480890803,0.025191281478079808,0.0
,,0.19211049197502283,0.09706198010119133,0.020457497559447285,0.0
,,0.06097854063176489,0.05452006809794706,0.019632032499282078,0.0
,,0.17191812980141064,0.08150589290372061,0.011853968690643597,2.0
,,0.15663309793592983,0.13084321694824963,0.02729891025964412,1.0
,,0.07360768524336761,0.028032102501312176,0.005536946283474147,2.0
,,0.15210608595492164,0.09979724541984203,0.031771674437187085,1.0
,,0.12676543923269093,0.11992128421133029,0.027536560103278106,1.0
,,0.05104268956984846,0.02641983154570251,0.008682260946410026,2.0
,,0.14146332809578066,0.08255138520389955,0.015483127069699192,0.0
,,0.1034542619862625,0.060609082586289664,0.017425349420026735,2.0
,,0.08193848620503746,0.050234604378854616,0.014996300507992368,1.0
,,0.09408655433115576,0.02726946219213331,0.004339976144630512,2.0
,,0.07187845030626719,0.05823151875264502,0.01982340523636645,0.0
,,0.13177610738571097,0.07442126569317739,0.007308059945984264,0.0
,,0.15586226286127922,0.08234061707654108,0.016875503407057173,1.0
,,0.09246352804846485,0.07841109413560042,0.01933132951929941,0.0
,,0.08393450024533321,0.031353309923729054,0.01828549127215327,0.0
,,0.2028523197457305,0.15167546409774987,0.017785838425066484,1.0
,,0.10301036487107297,0.12728393545428282,0.02509347495960552,0.0
,,0.09066963455168595,0.05299417172631331,0.017613163674181993,0.0
,,0.06345566601888544,0.06293929938117009,0.008971735870497845,2.0
,,0.03807323492667,0.027863977235228377,0.007014086151272519,2.0
,,0.11428411528610596,0.12222513241902558,0.0122903073048759,2.0
,,0.09946908243958594,0.07630123229398364,0.022227798269894884,0.0
,,0.11005658897288881,0.07568787494737067,0.01710043001750025,0.0
,,0.12209271190320803,0.08265691156642394,0.023877063135494377,1.0
,,0.12001751289669386,0.16751362491335536,0.014683397622355208,1.0
,,0.115560368269438,0.12677136093793756,0.01672098297284961,1.0
,,0.018707008409639483,0.024288373039961928,0.008326434754764913,1.0
,,0.10164404234621086,0.09839550906282574,0.028498570342682737,1.0
,,0.1682546302577879,0.09026670409104003,0.021053979573688777,0.0
,,0.17272760992267144,0.10171380638054332,0.02089498053034371,1.0
,,0.20147799146117884,0.09694074153410334,0.015194149503144348,0.0
,,0.11762440110439326,0.04903809431811244,0.014512005727455242,1.0
,,0.09089617122921023,0.10321831630873944,0.019534893196561518,1.0
,,0.055857151493429326,0.03372786099262404,0.010037029236897352,2.0
,,0.17964324163281448,0.18205893933924924,0.015425315578753318,1.0
,,0.037019752364413676,0.02726045846155872,0.00790490857517177,2.0
,,0.11967163328916541,0.094048316596406,0.021939430556972176,0.0
,,0.18348465118177465,0.18431762021957226,0.01350150087176938,1.0
,,0.1811496359992284,0.20785288829233564,0.011191060096690107,1.0
,,0.1731843620078108,0.1491710704910168,0.017812573853868776,1.0
,,0.08849137711645612,0.12141837391305163,0.015076056459664849,0.0
,,0.12914673629721185,0.10894227110052199,0.017631318751033888,0.0
,,0.2214100557048327,0.06334069183166338,0.018039312462612398,0.0
,,0.15691621722615018,0.16717772751647803,0.014201931687433028,1.0
,,0.12281992745574749,0.11000371581215876,0.02071806273752598,1.0
,,0.06770420505446036,0.054989297595607375,0.02157735637262725,0.0
,,0.12096500770432064,0.07304642656711485,0.012193025107994583,2.0
,,0.1763712832962735,0.13909684419041426,0.021259660613753194,1.0
,,0.07354990918839611,0.04952886849002803,0.0226476342537204,0.0
,,0.10371347280216453,0.06314589926558631,0.026101423122875035,0.0
,,0.13866375779814719,0.14676059054726917,0.01419107047354289,2.0
,,0.11408309553637605,0.06161497148007228,0.025879223044389815,0.0
,,0.16706101489654296,0.10150251148023905,0.021174401224959463,1.0
,,0.09107887702786607,0.020392727956856548,0.006311959742563368,2.0
,,0.14580335280262738,0.07010102590344144,0.01536907467603686,1.0
,,0.14486843978613892,0.056203834246800956,0.015983104662425363,2.0
,,0.05494394777966903,0.06770472005768893,0.012869072056289862,1.0
,,0.09990886086226175,0.08561297654329492,0.023845361730245294,2.0
,,0.14395005579514575,0.10377402825530181,0.020534798488163662,0.0
,,0.09312051373753591,0.07711059716050134,0.01926981925317055,0.0
,,0.17216874931009385,0.08302750846367739,0.010188119335621231,0.0
,,0.061314168623061986,0.07688928983444616,0.020680005226878004,0.0
,,0.03381630347109288,0.032039388733976756,0.012226560801255535,2.0
,,0.16102470023118343,0.0665520560615109,0.01811477499841143,0.0
,,0.1164468659822723,0.09378345381060786,0.022074576072359017,0.0
,,0.143023722725709,0.12269406576968372,0.019126657511710256,1.0
,,0.04337513968700515,0.05926750774080428,0.006399213105599261,2.0
,,0.1913167143093886,0.0911878171448742,0.024677184964563732,1.0
,,0.10172289118844341,0.07419166659722033,0.020887749222495845,0.0
,,0.0489740104041409,0.03349427818368333,0.008742333881778641,2.0
,,0.06705261327298664,0.045556737864069705,0.010387789645504152,2.0
,,0.10437714723266783,0.13622110394834805,0.01177527836114692,1.0
,,0.1390408097253154,0.08247474360809609,0.009946646877888614,0.0
,,0.11021569868253508,0.05554060999395729,0.019105606260440323,0.0
,,0.059325147142766196,0.039415298818708026,0.013112955225744996,2.0
,,0.1531083457975615,0.07899014431934577,0.007946390687360909,1.0
,,0.07652927141877455,0.025252320176234366,0.007251567291112283,2.0
,,0.21768449253279282,0.14072367395944918,0.013523883336909851,1.0
,,0.18786520581658442,0.08087859222002794,0.00995155744541439,2.0
,,0.18833925375326166,0.08675046358411546,0.020797334244186318,1.0
,,0.07242087734862376,0.05868710240043315,0.013201559926294112,0.0
,,0.1269656590846622,0.1298074143503376,0.013463264851151381,0.0
,,0.08747075821607893,0.04883052608030312,0.009052260044718385,2.0
,,0.20019501316899024,0.17624063924779368,0.012628461201765152,2.0
,,0.05177434306854611,0.03138780875413566,0.007555473414549272,2.0
,,0.06392855067581264,0.041792767157903934,0.015706723098233847,1.0
,,0.09791190676747348,0.10402850040515188,0.013702503034765081,2.0
,,0.1444669182301098,0.06755346361590327,0.021630801322770555,0.0
,,0.09846337771047906,0.12261623566773584,0.02064993949811533,1.0
,,0.10618390290046595,0.04649286320768486,0.00951524913989261,1.0
,,0.06426414156151276,0.015640663071581604,0.006454734365823162,2.0
,,0.0413954599344379,0.015250491861141312,0.008678175541667133,2.0
,,0.12269037173998147,0.08688863460587849,0.025626151904769988,0.0
,,0.06623989823903687,0.053080351846067325,0.022292691183926523,0.0
,,0.07008842111852923,0.0906982142502011,0.017971080287401093,0.0
,,0.08908807639377828,0.0791789410790376,0.029379421945078213,0.0
,,0.0708824462317311,0.07354728807378029,0.005860512596679818,2.0
,,0.07541394837055339,0.0930108505502304,0.0236097148705629,0.0
,,0.12303636597588796,0.12451793916933396,0.02111093248809804,0.0
,,0.11621471604355524,0.13911920520642254,0.021828205854575664,1.0
,,0.19357912503925231,0.18080090695449186,0.029072069059696407,1.0
,,0.10013865334159813,0.08628452702044229,0.012370505112065415,0.0
,,0.04940800203394045,0.03634366722253315,0.00526723951041564,2.0
,,0.039609987687037954,0.039020845153673135,0.012764362941826717,2.0
,,0.04208211068922937,0.026491875881107046,0.010535727909629079,2.0
,,0.09523211420954444,0.049552738517842206,0.022826023765102853,0.0
,,0.09049223751376241,0.0740178067385526,0.022680729355365845,0.0
,,0.039257694650840655,0.03640513471952327,0.0059061739333557345,2.0
,,0.11008852523289178,0.0813188343364229,0.01976841762089949,0.0
,,0.13265387249819965,0.08239343237466615,0.022005576682397276,0.0
,,0.05271138302461824,0.07303206206958979,0.015113486219098419,0.0
,,0.10325991457098271,0.1029523987459883,0.02213293487150273,0.0
,,0.02102162894683051,0.028718352565381577,0.007432692654715832,2.0
,,0.09510143319824524,0.0711084300913953,0.01870122684851759,0.0
,,0.03227090183998045,0.0311345447489727,0.008839406840359942,2.0
,,0.051455875115620844,0.017925636490557312,0.006885936176527853,2.0
,,0.0724434680896889,0.07607065428932958,0.01877390882702639,0.0
,,0.15319012096177917,0.07741107820111849,0.02123784861098566,0.0
,,0.1417815472284501,0.09560183994059981,0.015455455994915232,0.0
,,0.11624101671931161,0.10617112851612434,0.01850891153608869,0.0
,,0.0975163853073434,0.05654430244908403,0.015745836892857138,0.0
,,0.1175299727330334,0.1070121727193461,0.014899889998525102,1.0
,,0.0979212663527382,0.08641571969425829,0.02345939717913917,0.0
,,0.15191063552748055,0.1488381189730843,0.018186306243506593,1.0
,,0.09087933002548602,0.1416745883436899,0.025517504474401185,1.0
,,0.06122534893879524,0.056724207673993186,0.011455844362031276,2.0
,,0.11048983474098516,0.05226505055456695,0.013854866737461736,1.0
,,0.19091838506499623,0.14203424731309042,0.022993256637425654,1.0
,,0.11232964695331532,0.14010197492431298,0.0177463536598128,1.0
,,0.07372894953645137,0.06593454574353064,0.008612451553188344,1.0
,,0.14611348333723967,0.08109901682450135,0.018171179851793562,1.0
,,0.17411561528948835,0.0760126683904685,0.016513492922149032,1.0
,,0.10596921041489472,0.0579639944386494,0.010176120589993369,2.0
,,0.1631383850024885,0.08334964515127123,0.021038933640546653,0.0
,,0.09689220105899712,0.06702702760045662,0.02702230947412468,2.0
,,0.09142231297689674,0.08218665237504447,0.014071732271272801,1.0
,,0.13681022460960596,0.07334855367010067,0.011877445819581289,2.0
,,0.11900156467901106,0.14817161976290472,0.010625076940768358,2.0
,,0.18280426009783352,0.0601219447941436,0.004688304730121592,2.0
,,0.13392428174590829,0.09615259616467264,0.014316124836039423,0.0
,,0.10818167752420005,0.14276565447782544,0.013337502275584499,1.0
,,0.17442693244944207,0.11460854271220636,0.009447195596789502,0.0
,,0.0802371369748311,0.0920610970546124,0.021968747750825947,0.0
,,0.09285044826056774,0.0986721761294655,0.028921690955666518,0.0
,,0.13328214741510253,0.05432364827658308,0.009171860311953842,0.0
,,0.12935525643907098,0.08996218128446798,0.01519760316248396,0.0
,,0.2934386011739823,0.07519634216756814,0.012795790919358861,0.0
,,0.06306686580586027,0.050230257631668745,0.006699258442232129,2.0
,,0.05661556785015193,0.035233685314357485,0.008408047416514353,2.0
,,0.11883379330525498,0.0692534231842423,0.013674311644126955,1.0
,,0.029708756038755668,0.04946929122473922,0.0060054747764996565,2.0
,,0.10497396563680994,0.08849102958865938,0.01968997768186685,0.0
,,0.11182112357465893,0.11969287528723338,0.02449947418730792,1.0
,,0.15650153837901448,0.14349328910955983,0.02989656887637119,1.0
,,0.13225942261148105,0.10428576017060345,0.00942992470345565,2.0
,,0.09002043635796295,0.06631258843871427,0.021772155422876874,0.0
,,0.22322768730768325,0.1727107448715459,0.009973850325573406,1.0
,,0.07011154504704646,0.026847959036379408,0.009188778885404963,2.0
,,0.21543432685855274,0.09217877739829529,0.023374182331382363,1.0
,,0.12417488786761496,0.08565856497499186,0.02571345093166252,0.0
,,0.1478963909982864,0.10752382804073689,0.013811009836078835,2.0
,,0.10445035555946854,0.09539769108999333,0.009931181802560416,1.0
,,0.0645612229377394,0.05493703233988824,0.005893505466401206,2.0
,,0.11971546654207302,0.07302100156742837,0.02130392894026886,0.0
,,0.046339069033310636,0.03405907138372103,0.011704575033707199,2.0
,,0.0700425026534533,0.09655231907479994,0.015856599243186505,1.0
,,0.0847273723491663,0.022919988838117387,0.008613442853106031,2.0
,,0.20940159166017408,0.11329641820996378,0.016870649647898604,1.0
,,0.07340964926836042,0.1075482339044861,0.019499683020263846,0.0
,,0.202519648342985,0.08897582074802396,0.013252117971297675,0.0
,,0.10481926148685873,0.07734330365309075,0.018585654241319912,2.0
,,0.0575376485751716,0.108611561022713,0.016369864004510987,1.0
,,0.11560595444098556,0.11162954577734585,0.023391314254162476,1.0
,,0.16278970475599333,0.11800442686542371,0.010074900990865703,2.0
,,0.1251399936165228,0.08541308843615872,0.0202706832481331,0.0
,,0.06374940339689544,0.06515389368027218,0.00766254826585764,2.0
,,0.12271971702266474,0.08152640373760606,0.019081897409584568,0.0
,,0.16877567837386342,0.08531508611661931,0.020357346750929407,2.0
,,0.03578329601397194,0.020552659406449722,0.007338543245971095,2.0
,,0.030913609073120324,0.024173054124637692,0.00955675299167599,2.0
,,0.2612056415663852,0.1798747363782514,0.008790071896910143,1.0
,,0.14027081675309128,0.08151377737190883,0.00764317650211047,2.0
,,0.046164499349505735,0.046094309674724825,0.017954107296779067,2.0
,,0.019374126019450745,0.031088166436920753,0.007954707323400834,2.0
,,0.15074644679520763,0.08391700483609035,0.02906186212520969,1.0
,,0.02186577544412056,0.028988764159850786,0.006132868591834788,2.0
,,0.1264603606688537,0.09253942762565018,0.016711782018534894,0.0
,,0.06987143726787218,0.08433900804196583,0.022307271026828945,0.0
,,0.17945800618565716,0.13380442865790482,0.02058414901475345,0.0
,,0.015640124465202757,0.05781655594182256,0.011824156476886272,2.0
,,0.15467311106344314,0.12153308634554032,0.018232272517892154,1.0
,,0.08132016719525598,0.12096186151888803,0.023994126556792995,1.0
,,0.12882932302882577,0.10744760809096558,0.02030964177023348,1.0
,,0.03238172758012536,0.04992441021319982,0.015737460182581483,2.0
,,0.07159823743991373,0.06755142854998673,0.01943216998234981,0.0
,,0.11847268218118934,0.13537180980489763,0.025706926496705966,1.0
,,0.06948714785386509,0.08033991549018887,0.008600374374232321,2.0
,,0.12955789618454985,0.045152642871911855,0.011116305642415327,1.0
,,0.1450101707040794,0.11362986187255632,0.019078642593646843,0.0
,,0.1132394446197535,0.06669860267176597,0.02007109616297368,0.0
,,0.13340431800179992,0.0474044882092453,0.0066749481699688515,2.0
,,0.09520883765604835,0.09901523874403786,0.019405746354295435,0.0
,,0.09694313685097702,0.1392881531746224,0.02291399884428918,0.0
,,0.08851644391638827,0.06696459034720657,0.020740455542694197,0.0
,,0.12045341831611128,0.10036196561091619,0.019018684136284696,1.0
,,0.038275196946165616,0.05373620173611345,0.008746571411769771,2.0
,,0.1401453737800269,0.12966710523696998,0.02358005865671817,1.0
,,0.17695417264204377,0.17674839283035554,0.011325622823969567,1.0
,,0.07505275333207156,0.0991950904633937,0.020459519117082388,0.0
,,0.05197327809145738,0.02427776803420703,0.00978604260037074,2.0
,,0.19603505439929886,0.10178817764176025,0.02178369199765723,0.0
,,0.05406345160253906,0.020747364449449097,0.00592719873444763,2.0
,,0.07509197640676965,0.07418047767567666,0.009115203538748616,2.0
,,0.07943938954686533,0.16639059153267272,0.015536115065695771,1.0
,,0.17809843559606686,0.09282368191059905,0.020419587373187238,1.0
,,0.3051058215456128,0.11971364341357224,0.022140189297965553,0.0
,,0.17361953172291092,0.12710328223495365,0.013144651051930752,0.0
,,0.04912560743072749,0.02326444489487939,0.010267202345967584,2.0
,,0.10699143154931229,0.07019731337777202,0.01806204694838382,0.0
,,0.15897480204566652,0.1812102696169258,0.011405810774107423,1.0
,,0.15770906405729224,0.05955201068207021,0.026506526178558386,0.0
,,0.1343063428220599,0.07662497569876821,0.013975830984484962,1.0
,,0.187148218532666,0.12454837977736213,0.022434936357283577,1.0
,,0.041822084776798905,0.06488951187984032,0.021253589339036438,0.0
,,0.13280309704120105,0.08109472936911523,0.020960624595637002,0.0
,,0.1431147526412108,0.04673793368867548,0.006363004975374324,2.0
,,0.13914893389097469,0.11088228680213112,0.015090454598721392,1.0
,,0.09045909725544424,0.0898166974295472,0.019332460776114335,0.0
,,0.20151082097674722,0.14209699040435345,0.03427973877087123,1.0
,,0.13244622912944815,0.12175338741588429,0.024663344480945516,1.0
,,0.029343746549897264,0.04755754555372202,0.009055611755433866,2.0
,,0.08568683990140437,0.03385630625438127,0.008676494647014654,2.0
,,0.12353306833699013,0.09439798469343424,0.02138252723091409,2.0
,,0.0782374954538313,0.09166176885490239,0.022766311431310686,0.0
,,0.09533089301305844,0.07765884391642605,0.02334761555945115,0.0
,,0.13295064571039944,0.07727761026611284,0.0072250982265991415,2.0
,,0.12614068315800414,0.05988697484115296,0.017046932328857956,0.0
,,0.12221670252938321,0.07932326104876625,0.020489485734689745,0.0
,,0.10240308615827892,0.08128679916594854,0.024861023841513227,1.0
,,0.12053666084051379,0.03749306713083626,0.006575402967682596,2.0
,,0.12677529626455475,0.09407924900293564,0.02305667201107741,0.0
,,0.1350643230146602,0.12485011848062433,0.011797622344585736,2.0
,,0.05325455566571022,0.06304712415622804,0.019605468912037474,0.0
,,0.20365155083296313,0.10680089147103691,0.024403137144921896,1.0
,,0.10332724279143543,0.06045168952666383,0.028325355407385983,1.0
,,0.07159788860697426,0.08446531653185424,0.016163087574573493,0.0
,,0.03468595608426349,0.017641994623512965,0.007319978771704687,2.0
,,0.08765976673782898,0.10384685508869777,0.014896204184220196,2.0
,,0.052938689827961675,0.08176792212680484,0.011412490833213685,0.0
,,0.12952968990389613,0.14487564078866783,0.015176550007432265,1.0
,,0.054269613049738256,0.1264610648073713,0.021658989022158192,1.0
,,0.09980713919344186,0.04900382164127822,0.011526114817872465,2.0
,,0.05177434306854611,0.03138780875413566,0.007555473414549272,2.0
,,0.15551105323306846,0.09114847115261022,0.01185989515089884,2.0
,,0.12470062791967593,0.08513500218633228,0.029860677911608517,1.0
,,0.15186998311381378,0.0526857199573167,0.01650511881812862,0.0
,,0.12944190847385437,0.10578509185217795,0.02305555264764764,0.0
,,0.021137334834056113,0.01713175844600491,0.006868597954356201,2.0
,,0.1295257222983756,0.10243635652065834,0.02025704415252653,1.0
,,0.12147645665989176,0.037036829034906626,0.0042974339415051,2.0
,,0.12828158878375306,0.10344707501198927,0.01773066385513476,1.0
,,0.13639693885080545,0.16967316940188648,0.017232456372124484,2.0
,,0.07287959247794325,0.04079296414365359,0.020330951140106635,0.0
,,0.07306151282875849,0.04814395096103471,0.020416484172093397,0.0
,,0.0589510287105752,0.0652191037075566,0.012493883301076583,0.0
,,0.05811535086904998,0.14197700430194718,0.019179702624424835,1.0
,,0.04352298559179762,0.03747336763985372,0.010981081656021028,1.0
,,0.2486468811599106,0.0956858180807878,0.021823847011779734,0.0
,,0.20361741624296045,0.19568092169715628,0.01404030495217268,2.0
,,0.14793161901864738,0.03651561317089646,0.012304878748980662,1.0
,,0.11682534449852033,0.16365974408036932,0.024553255903587715,1.0
,,0.025408032618398888,0.01706823940749488,0.006903587963706225,2.0
,,0.12263478198423475,0.06822506500985048,0.024929991062438116,1.0
,,0.1451932984046858,0.10638200975189005,0.02948117248506863,1.0
,,0.03701459334637804,0.028286429030838226,0.015627008027542216,2.0
,,0.13366814846438282,0.0772623716243097,0.01826591914188896,1.0
,,0.05444010960934013,0.020141797966676245,0.009139251139297012,2.0
,,0.15751228017678037,0.08319449795694293,0.017406706154161972,1.0
,,0.24687857019341242,0.22584119737726033,0.016103218288786823,1.0
,,0.13464601838459195,0.13110672247235267,0.019591785236124173,1.0
,,0.30131103501265155,0.12367184400060602,0.020791708367933738,1.0
,,0.15927650509870778,0.09788539204002782,0.01634738282343109,1.0
,,0.07290933196048488,0.020948696074892005,0.006844714964662269,2.0
,,0.10316713860829123,0.07647836563984906,0.007880271325976098,2.0
,,0.08856588090141161,0.08540683649646554,0.02520323669980413,0.0
,,0.020887365462299728,0.03956967641581073,0.005876382039393745,2.0
,,0.09261521024192756,0.15258743477005204,0.029000367603015446,1.0
,,0.15838139889315092,0.1160589890909263,0.012557925378855105,1.0
,,0.05483740236064412,0.023223466058598374,0.00785689916648159,2.0
,,0.16171524810053145,0.07369127656663757,0.01888280712395178,0.0
,,0.10925268945409324,0.05484830958781817,0.012961459415499947,2.0
,,0.10113006257677828,0.07567827631324416,0.01869720618492901,0.0
,,0.12490505138972814,0.10917760395945145,0.01714174869431472,0.0
,,0.13737431573351055,0.1069425569438533,0.02127728790486785,1.0
,,0.12071695008323441,0.1062534359660755,0.010278050050398887,2.0
,,0.11861137407315925,0.034224194883586675,0.012304086382956514,1.0
,,0.1693226706371194,0.09188008991094687,0.023244639455157944,0.0
,,0.16311654384315427,0.08246547269539752,0.007152465502150539,2.0
,,0.0282548083872362,0.033913819229954754,0.008880194954520235,2.0
,,0.0654930791698287,0.025357986475872337,0.007250443194755634,2.0
,,0.17398678530233352,0.1869684679247408,0.011339824108614888,1.0
,,0.1523702523306774,0.1119894746766022,0.007846611242320879,1.0
,,0.12059791326816505,0.11575770438434144,0.023675529125655896,1.0
,,0.0996974596199088,0.11816626679399131,0.025545521231434706,1.0
,,0.12260463196808116,0.07280197308256997,0.00986588278413974,2.0
,,0.1184872442187436,0.13031499535973193,0.023861996141300492,1.0
,,0.08854041171962566,0.047299473600637174,0.006073883610840264,2.0
,,0.1647625975379247,0.0744588085170544,0.01776290969161214,0.0
,,0.09696606854028654,0.09294759014978325,0.01740388759693714,0.0
,,0.20313683804384888,0.16714668779793382,0.01079914986840408,1.0
,,0.11296558878384343,0.08743082473035005,0.0156740966913792,1.0
,,0.11452050321255812,0.02077078767451218,0.0061467239296350866,2.0
,,0.2351050545836022,0.15746143189810732,0.014891541421672115,0.0
,,0.12500416762579916,0.08575584150109708,0.016029071607042235,0.0
,,0.1188370865977353,0.07915055434892723,0.01907435316548099,0.0
,,0.08939462023821018,0.12514661746324462,0.019966568079769844,1.0
,,0.08434093350412791,0.07610461975902985,0.011960597724065186,2.0
,,0.2658800748795584,0.08814457959602116,0.019237277359815484,1.0
,,0.117899808814585,0.10277392587790235,0.014753665454948665,0.0
,,0.02432214179333783,0.023525937368044782,0.008469212737314876,2.0
,,0.036985643343824114,0.018648006636431614,0.00554123080631299,2.0
,,0.12661729573035677,0.060765447155751516,0.009099731484497017,2.0
,,0.20542479748388814,0.18645173128488363,0.013237142383702208,1.0
